,model_id,exclusive_use_area,city,supply_area,apartment_building_count_in_sites,total_parking_capacity_in_site,room_count,total_household_count_in_sites,floor,bathroom_count,heat_type_district,total_household_count_of_area_type,heat_fuel_cogeneration,heat_type_individual,heat_fuel_gas,front_door_structure_mixed,front_door_structure_stairway,front_door_structure_corridor,heat_type_central
0,GBM_grid_1_AutoML_20190421_195113_model_42,4.766713991350316e+20,3.571724644099178e+20,3.4959916905528505e+20,1.8537567252601058e+20,1.589591228164132e+20,1.197404578473176e+20,1.0849768757051733e+20,8.136695668016782e+19,6.848327964812116e+19,6.767114957352023e+19,6.699029678922924e+19,4.945722048992248e+19,2.8500630019581673e+19,2.221630534033028e+19,2.216155186029029e+19,1.7574217825394885e+19,1.027446667010166e+19,5.348566066979144e+18
1,GBM_grid_1_AutoML_20190421_193852_model_8,1.189184770281411e+21,5.0679527335507106e+20,3.808660076026302e+20,1.9710010806061394e+20,1.9624730924992483e+20,1.8449794558769653e+20,1.4659802606886244e+20,1.4469529920676351e+20,1.0476742284947331e+20,8.092481226831351e+19,5.715531041430779e+19,5.631280743050117e+19,4.704902614230237e+19,4.4022448863035e+19,2.04015855879418e+19,1.8939153759139267e+19,1.1397191187363267e+19,7.456283128181555e+18
2,GBM_1_AutoML_20190421_193027,4.616726179729113e+20,3.472102557435696e+20,3.287329364505149e+20,1.1901065480535802e+20,1.0660337856944066e+20,1.0094290799169634e+20,8.070194565940983e+19,7.691747941316297e+19,5.583690361362763e+19,5.1258774690079965e+19,4.6704804236017795e+19,4.446396875228473e+19,4.377449579683198e+19,2.0301193579256087e+19,1.7373620725000176e+19,1.2660116631305847e+19,9.608042776901976e+18,5.202507492101194e+18
3,XGBoost_grid_1_AutoML_20190421_195113_model_6,9.500797996025449e+20,7.264843816154127e+20,5.094320605681523e+20,2.4477903122032964e+20,2.1864520553265208e+20,2.0050099428234835e+20,1.7252415840809963e+20,1.3302833734396726e+20,1.1578749364313732e+20,1.1557586844111602e+20,9.432461325257776e+19,8.637894409594287e+19,5.929449824707622e+19,4.727790048274022e+19,2.5355226319677293e+19,1.7694847445101445e+19,8.041637280286245e+18,3.0847950455685775e+18
4,XGBoost_1_AutoML_20190421_193852,7.619545211743502e+20,4.565837263158431e+20,4.429435193131889e+20,1.77924431758154e+20,1.7728189475506776e+20,1.536750458551822e+20,1.0544442294502058e+20,1.0390523860752951e+20,9.893457523677279e+19,7.416662446576973e+19,6.76804866262633e+19,4.584657823593398e+19,3.857311090610274e+19,2.022367800949788e+19,1.9577171769435357e+19,1.2685289950023778e+19,7.381829698306703e+18,6.207812413853532e+18
5,XGBoost_grid_1_AutoML_20190421_195113_model_13,7.681354301879395e+20,6.798999211260783e+20,4.6493987394945234e+20,1.7613020470348402e+20,1.6297492630914413e+20,1.4622289029365131e+20,1.0751236682235563e+20,9.70827161806213e+19,9.454607248659789e+19,8.564754016505325e+19,7.775736555929548e+19,7.2698890791898055e+19,5.756270146263135e+19,3.7764257376152584e+19,2.6752109663278334e+19,1.886896973291507e+19,6.764121317043077e+18,3.5956946682867876e+18
6,XGBoost_grid_1_AutoML_20190421_193852_model_2,1.1053397079062825e+21,1.0196668877698834e+21,7.471654036855073e+20,2.873746746303253e+20,2.3627734343157495e+20,2.1944024919655737e+20,1.7926529058627335e+20,1.6946137640995285e+20,1.6740411098954675e+20,9.765330114278588e+19,6.724512840017563e+19,5.898850416106616e+19,2.9828026427330527e+19,2.6004430761274376e+19,2.287101833518252e+19,1.4383302040681972e+19,1.2558631708062122e+19,1.1415742147547103e+19
7,XGBoost_1_AutoML_20190421_193027,6.374396319955084e+20,6.206835673694114e+20,4.1474570799003625e+20,1.8224255696805822e+20,1.775357148153166e+20,1.2390095707026384e+20,1.0464272063869747e+20,9.778390553197963e+19,8.396694104004415e+19,6.241417337489064e+19,6.122478766666023e+19,5.175066100797486e+19,4.714971501912759e+19,2.9715832260832264e+19,1.9040003164662137e+19,9.100116783381086e+18,7.506242187768627e+18,6.178445557787263e+18
8,XGBoost_grid_1_AutoML_20190421_193852_model_4,8.572744035562978e+20,5.712883681313885e+20,5.578417103595949e+20,3.016627490684372e+20,2.9019679552338448e+20,2.4668350850494e+20,1.6771978517592775e+20,1.6423053340369224e+20,1.395998368682077e+20,1.1905719493353852e+20,9.45332829673436e+19,7.823091202323907e+19,5.389466909971946e+19,3.218011929365499e+19,2.405686361597149e+19,2.315049879780039e+19,2.0359476491621237e+19,1.8550755674673906e+19
9,XGBoost_1_AutoML_20190421_195113,7.443940714335584e+20,4.856373623056845e+20,3.684095787989048e+20,1.9650350425528966e+20,1.8351141097869777e+20,1.542376439648826e+20,1.0817737784311362e+20,1.0674065039714524e+20,1.0206194694598164e+20,8.826937401999675e+19,8.271426304447244e+19,6.280493540935572e+19,3.776527772294316e+19,3.1935090928381854e+19,2.3246494958998258e+19,1.0390224353785545e+19,6.503679448015962e+18,4.838709331039879e+18
10,XGBoost_grid_1_AutoML_20190421_193852_model_5,6.49297257970654e+20,5.404140112546942e+20,4.947626403131556e+20,1.6317716607991074e+20,1.515740110758976e+20,1.3194231892288733e+20,1.0999858251508272e+20,8.467682093130842e+19,6.049205992377077e+19,5.8373846374813794e+19,5.258499242136384e+19,5.015260441988615e+19,3.214586950644977e+19,1.6533047384100307e+19,1.2042653990891028e+19,1.012051525100372e+19,8.985389342092427e+18,3.9623235220338115e+18
11,XGBoost_2_AutoML_20190421_193027,6.604597814908126e+20,6.219848261867447e+20,4.752576558801302e+20,1.5605087058048057e+20,1.4884417879082743e+20,1.3982216691543704e+20,1.1510093219447492e+20,9.004756579708725e+19,8.375103214072103e+19,6.9019788545917714e+19,6.657822182137135e+19,5.114530069204697e+19,2.424024676232174e+19,1.2811221414799475e+19,1.0237527477454897e+19,7.058806925961462e+18,6.778566700808798e+18,3.35514571338521e+18
12,XGBoost_grid_1_AutoML_20190421_193027_model_6,8.099533230529116e+20,6.416221390431962e+20,5.167648003708137e+20,2.8744516651980528e+20,2.4449903398724672e+20,1.98627408876432e+20,1.6346071693457464e+20,1.6111471096462154e+20,1.3037877820381777e+20,1.2584426910556724e+20,1.0739683893660195e+20,8.534443559560099e+19,8.43759945499489e+19,8.251717778421685e+19,3.1759661649146937e+19,2.4827517912949457e+19,1.6979953780814512e+19,1.1513089608535507e+19
13,XGBoost_grid_1_AutoML_20190421_193027_model_4,7.431782402716567e+20,6.762151322059591e+20,5.980355277933186e+20,2.0896966153789768e+20,1.8947444076812698e+20,1.6784490080307564e+20,1.3129094184631376e+20,1.0272009701418231e+20,1.0026986613800908e+20,9.804604669622747e+19,9.09329013558655e+19,7.191445961422406e+19,6.186019103830547e+19,6.098336130147969e+19,4.0389904337421206e+19,2.373034824494062e+19,8.535264674843722e+18,4.552572150149546e+18
14,XGBoost_2_AutoML_20190421_193852,6.970779871110087e+20,5.467952248985852e+20,4.544821285866051e+20,1.8024823638931905e+20,1.520554916157472e+20,1.4168923441642393e+20,9.2781593818529e+19,9.086424784982717e+19,8.886272327090281e+19,6.466506279294809e+19,6.239356852698612e+19,5.819642478050935e+19,3.4082934116684136e+19,2.5065832660223394e+19,2.109391287558026e+19,8.396056057406816e+18,5.045243244468765e+18,3.232446263039361e+18
15,GBM_1_AutoML_20190421_193852,5.8234431818849006e+20,3.379085632944451e+20,2.6941020274483737e+20,1.3432613050064988e+20,1.1414397005021682e+20,8.47665234879489e+19,6.505169945978575e+19,6.426050408657768e+19,5.364858520328366e+19,4.88433499539956e+19,4.0183706324794606e+19,2.9269885737769107e+19,2.8815701673590653e+19,1.9127080087535485e+19,1.8671767924426932e+19,9.144645904794386e+18,8.707973212555706e+18,3.300621206641705e+18
16,GBM_grid_1_AutoML_20190421_193852_model_5,5.85114067143695e+20,3.466285173354529e+20,2.9363140596576603e+20,2.1897111837131093e+20,1.4316707480117812e+20,1.3234558460358348e+20,1.2133337751708133e+20,1.1359986132804908e+20,7.98460506239769e+19,7.805766417507366e+19,5.103922420824565e+19,4.241386774964522e+19,3.779908550647402e+19,2.853524264562406e+19,2.3871083534272692e+19,1.9817874655964824e+19,1.215085912920372e+19,1.1894443122001707e+19
17,XGBoost_grid_1_AutoML_20190421_195113_model_1,1.044547938704966e+21,5.7921027024467735e+20,5.020451368324741e+20,2.3128680968668106e+20,2.21353153138283e+20,2.0934145479776036e+20,1.9684234735069115e+20,1.2373673401353922e+20,1.0807229971587033e+20,9.211809572577083e+19,8.985278511320347e+19,5.789454286798717e+19,5.4587145920939295e+19,3.4046465515014062e+19,1.8675112638798627e+19,1.76675597655233e+19,6.687749239377756e+18,3.617677204260913e+18
18,XGBoost_grid_1_AutoML_20190421_193852_model_7,1.082127381370629e+21,8.062074540628461e+20,7.537954763931826e+20,2.6942439963897522e+20,2.353362494391289e+20,1.5340359842451685e+20,1.4773909044007535e+20,1.2287536780824648e+20,9.37433058530191e+19,8.00846886276694e+19,6.830468377539825e+19,6.109504969262917e+19,5.953888449755873e+19,5.194774626823045e+19,1.9626289152871367e+19,1.8069537918103323e+19,1.5260260420368204e+19,1.3472297283441656e+19
19,GBM_1_AutoML_20190421_195113,4.5217575781181004e+20,3.4546641270973084e+20,2.6932190756308045e+20,1.5051761789611645e+20,1.172793550001689e+20,1.086781306227749e+20,9.26847928148196e+19,9.200839964969088e+19,7.638057469118041e+19,5.022392754015673e+19,4.2227359791248835e+19,3.648709545565356e+19,3.1669699607762305e+19,2.2439748093326918e+19,1.3129488249598771e+19,1.2383088079617917e+19,6.898032487457358e+18,6.568721058357051e+18
20,GBM_grid_1_AutoML_20190421_195113_model_37,7.264218238018388e+20,5.150131464063712e+20,4.6109496095195687e+20,1.9740730281332153e+20,1.538146222592586e+20,9.70848536312257e+19,8.37069373264007e+19,7.840507466507878e+19,6.446028974739109e+19,5.813905666181851e+19,4.8025770699767415e+19,4.671535075155142e+19,4.36627722213104e+19,1.934648103578842e+19,1.8399968650040705e+19,9.820887337318482e+18,6.319041758898422e+18,4.4248745948217344e+18
21,GBM_grid_1_AutoML_20190421_195113_model_12,6.431175452257157e+20,2.5064950851897917e+20,2.1966715321215825e+20,1.0118892591743448e+20,9.97947011929494e+19,9.391466254118473e+19,7.297530361707443e+19,7.137481051121857e+19,5.645012763671737e+19,5.166679905710113e+19,3.4805458391667835e+19,2.1613948890169475e+19,1.062695800333874e+19,9.07779339880235e+18,4.588842289970807e+18,4.486620693936472e+18,3.804029306884063e+18,0.0
22,XRT_1_AutoML_20190421_195113,1.2018863286054793e+21,8.314966437141592e+20,7.098335182618614e+20,4.9698097978898435e+20,2.7281272503987392e+20,2.6338954095392666e+20,2.6247397322343108e+20,2.2115552252026002e+20,1.9923740033533608e+20,1.742042649518995e+20,1.4388670955960402e+20,1.3409833807965376e+20,1.0792235271812075e+20,7.358924891979199e+19,6.74288172107584e+19,3.5895848470979805e+19,2.5574154477930283e+19,1.5160901952612598e+19
23,XGBoost_grid_1_AutoML_20190421_193027_model_1,1.1616904352938024e+21,6.725494835842562e+20,5.8353112224341846e+20,3.2777838443574487e+20,3.017796667368884e+20,2.9489996090924283e+20,1.9458078387375125e+20,1.8740890702028e+20,1.7210520049745186e+20,1.574288313289676e+20,1.0983893342672965e+20,9.909666963898604e+19,8.219096587839524e+19,6.295005335203611e+19,3.4818278697247703e+19,2.8498947766791176e+19,1.5025238710419456e+19,1.212140871025374e+19
24,XGBoost_2_AutoML_20190421_195113,7.007486319135482e+20,4.915654716058155e+20,4.261278523607734e+20,1.7675886147178122e+20,1.712336132320673e+20,1.3343273772066328e+20,1.149488301539349e+20,9.92031199567408e+19,9.308566595821371e+19,8.532260369271987e+19,7.554111075751297e+19,6.665259718592063e+19,2.7291859921353572e+19,2.420919435493009e+19,1.111776350130353e+19,9.338611850561978e+18,4.932225543761297e+18,4.1575640766559027e+18
25,DRF_1_AutoML_20190421_193852,1.2760304966457633e+21,6.605765232374034e+20,5.055699424127054e+20,2.6965056478276223e+20,2.5398074727616374e+20,2.3629553375194487e+20,2.1982451531632555e+20,1.830202899208958e+20,1.6726207167942414e+20,1.511453070941812e+20,1.176875904734226e+20,1.0457128756726412e+20,9.62939705193199e+19,5.996720145118213e+19,2.9455305179653997e+19,2.7971949644574884e+19,2.457946808972319e+19,1.9377737952342835e+19
26,GBM_grid_1_AutoML_20190421_195113_model_3,4.615622727451663e+21,3.0685003030361465e+21,2.746446204833022e+21,1.172343559474859e+21,1.0514447089530747e+21,8.09496841009431e+20,7.362346044399257e+20,6.293477189962862e+20,5.878206953353726e+20,5.245042011460778e+20,4.93580515779715e+20,4.605941817840165e+20,3.4195863636559056e+20,3.3810404766577066e+20,1.2303557105045996e+20,1.0352701540366759e+20,6.296210399947653e+19,4.167039118108262e+19
27,XRT_1_AutoML_20190421_193852,1.1213081351787989e+21,1.038602413140651e+21,8.978109519585387e+20,4.3260758224651315e+20,3.202612081545938e+20,2.834104162427045e+20,2.7810077783515097e+20,2.734088890405471e+20,2.1369946149342727e+20,1.8595881830901088e+20,1.2781732952747173e+20,1.2157808482495916e+20,1.1747475141056424e+20,1.0910707209900288e+20,7.490950729805332e+19,4.309438628240137e+19,2.1064723040886063e+19,1.707221160247794e+19
28,GBM_grid_1_AutoML_20190421_193852_model_18,3.355488178271913e+20,3.0123863664727844e+20,2.8973668948957882e+20,2.65691672011885e+20,2.636409508846874e+20,1.7351542531514434e+20,1.5746596843370735e+20,1.3633990803715418e+20,1.1851682455090522e+20,7.026062700028153e+19,6.455554263872858e+19,6.170295207944048e+19,4.478776613057174e+19,3.846713117932467e+19,3.3008062544486597e+19,1.25548504875742e+19,6.783472721691935e+18,5.304290382996046e+18
29,XGBoost_grid_1_AutoML_20190421_195113_model_7,6.484187041995959e+20,4.35307595776238e+20,3.938955194589386e+20,2.266556843026746e+20,2.0651899965316635e+20,1.8230254632246968e+20,1.4883214573557305e+20,1.2897979479300768e+20,1.2744120858984212e+20,9.758962622539812e+19,8.857927796935518e+19,7.472579209919149e+19,5.254043141411334e+19,4.565657383056127e+19,1.9282801720354144e+19,1.8791753230319616e+19,1.2225432405846e+19,9.750886929536123e+18
30,GBM_3_AutoML_20190421_195113,4.954073939316834e+20,3.2923519336208296e+20,2.592933587631588e+20,9.898504721853422e+19,9.59403499876411e+19,8.656315187601395e+19,6.709834359786753e+19,6.1957537399782244e+19,6.144146622412279e+19,5.609191554448097e+19,5.254626762183357e+19,4.323331617364063e+19,4.0506861588290994e+19,3.2544959241983623e+19,1.5806648430140326e+19,7.87975563357297e+18,3.003395725863158e+18,2.676079635489358e+18
31,GBM_grid_1_AutoML_20190421_195113_model_21,3.9621346589215084e+21,2.5289305056053517e+21,2.249362381124422e+21,9.342571059992204e+20,8.331806381310749e+20,7.516101046740011e+20,6.677157138092041e+20,5.184351432513589e+20,5.036641457141417e+20,4.893646187629149e+20,3.4814369713508634e+20,3.2499245066937906e+20,3.211159421057478e+20,2.8584788398790253e+20,1.1557252592576758e+20,8.83430676873368e+19,4.1413883914415505e+19,3.8174269660196766e+19
32,GBM_grid_1_AutoML_20190421_195113_model_43,5.8162011825778563e+20,3.2071892165109744e+20,3.1676785740300996e+20,1.577642791324625e+20,1.5566955994796786e+20,1.3106432810178262e+20,1.0897941440097157e+20,1.0555127788305436e+20,9.543807548388698e+19,6.476676322047086e+19,6.290298106022776e+19,4.937103197244437e+19,4.33361644913028e+19,4.09902376861869e+19,2.298748520386632e+19,1.380622776089025e+19,1.0238201478082724e+19,7.99279917280369e+18
33,GBM_4_AutoML_20190421_193027,5.455164840793887e+20,3.586166069623039e+20,3.193382517059596e+20,1.1730633261746802e+20,9.551972081931911e+19,7.527383267494016e+19,6.794690269171994e+19,6.4241174672161374e+19,5.60600824838336e+19,4.301760958445702e+19,3.7933727302364955e+19,3.5823929415406977e+19,2.538486695413888e+19,1.292515940673939e+19,1.2414804592032743e+19,1.0853182520753652e+19,3.710266528680116e+18,2.8448510969401836e+18
34,GBM_4_AutoML_20190421_195113,4.4405728061166086e+20,3.5908554427350385e+20,3.584638012343221e+20,1.0776423414995354e+20,9.435780970764357e+19,9.4103699376325e+19,6.468857474959645e+19,6.053105740218473e+19,5.562283309774615e+19,5.180039851596893e+19,4.070621624054632e+19,3.715927529222465e+19,3.5497864844143493e+19,3.413451660518962e+19,1.4891222536644723e+19,5.112727419890958e+18,3.7463431544548884e+18,3.24009364128845e+18
35,GBM_2_AutoML_20190421_195113,4.875782730075928e+20,3.348041757763033e+20,2.4905386206037855e+20,1.3872802090440458e+20,9.713898478768436e+19,8.396927200469503e+19,8.059791426723617e+19,5.974742227092924e+19,5.4912940012342346e+19,5.384941759916671e+19,5.1891952650190586e+19,3.914962883301081e+19,3.428665383010173e+19,2.188749858706712e+19,1.575264481703048e+19,5.963343699998933e+18,4.1010821643370496e+18,2.342313809907024e+18
36,DRF_1_AutoML_20190421_195113,8.216675375274231e+20,6.258033860895457e+20,6.101827915194995e+20,2.973886571002022e+20,2.1364955246161927e+20,2.0509236132589443e+20,1.6779326773703528e+20,1.267017650299302e+20,1.2620876160822149e+20,9.88366307409705e+19,8.9902896455151e+19,7.63219487311874e+19,7.013676921443582e+19,5.671699670096465e+19,3.8844290055930905e+19,3.842019522695817e+19,3.4785489061484167e+19,1.26474040778655e+19
37,XGBoost_grid_1_AutoML_20190421_195113_model_2,6.309274973030748e+20,5.076279115205533e+20,4.869119161846024e+20,1.5852936330353417e+20,1.5502498225130045e+20,1.420198267765706e+20,1.168625609284046e+20,7.325433327992491e+19,7.1725229265037296e+19,6.028250180360969e+19,6.017145552725082e+19,4.753024719740784e+19,2.605969661373291e+19,2.5853931808687653e+19,2.164974019267684e+19,2.063235988447245e+19,1.120571893396747e+19,1.085275371121882e+19
38,GBM_4_AutoML_20190421_193852,5.1795170997885836e+20,3.459004119394466e+20,3.180616219490884e+20,1.2485135732912737e+20,1.0542923209237122e+20,6.371015013836417e+19,6.320894435991224e+19,5.803177951131966e+19,5.216560350215799e+19,5.158807842259888e+19,4.702635421253763e+19,3.877161233733491e+19,3.3434094712947474e+19,1.9195847942783107e+19,1.6710906584032608e+19,4.154680332534153e+18,3.17049180647116e+18,3.132244194987344e+18
39,GBM_grid_1_AutoML_20190421_195113_model_1,7.011268639135032e+20,6.039603649468453e+20,5.0647270303176065e+20,1.9385484231662843e+20,1.8300748280945548e+20,1.4114528402393059e+20,1.2686951531995673e+20,1.0856094907153305e+20,8.134589003737963e+19,8.03675269987985e+19,7.815439481003888e+19,6.714624712046648e+19,5.1043692623500935e+19,4.114499614681963e+19,2.4955461484003983e+19,1.9966482448551772e+19,9.245937313991623e+18,9.2151235006232e+18
40,XGBoost_grid_1_AutoML_20190421_195113_model_12,6.652862329164703e+20,4.78574310715084e+20,4.2982034665838005e+20,1.7202309776518257e+20,1.3531349194239273e+20,1.146024224185343e+20,1.1390772458382636e+20,7.669633683849164e+19,7.666097654454236e+19,7.287520847652821e+19,7.224197773985946e+19,5.885146542982667e+19,4.785038540099761e+19,4.3864479828449165e+19,2.1690518879927796e+19,1.7066119208548434e+19,1.3062379557397463e+19,7.927024188206875e+18
41,GBM_grid_1_AutoML_20190421_193027_model_2,4.6689563245638215e+20,3.107650868653064e+20,3.049670893731599e+20,1.6629663010149263e+20,1.1737581295625044e+20,1.0309481057692837e+20,8.834644538705733e+19,8.743223225488717e+19,8.106712425731981e+19,7.016681666819968e+19,6.870420671851345e+19,5.242565559431306e+19,5.235969369273952e+19,3.0164351641104417e+19,2.0625065724333785e+19,1.6837718757622153e+19,6.142638312361296e+18,2.91179623678686e+18
42,GBM_3_AutoML_20190421_193852,4.6354418027743255e+20,3.481355695451338e+20,3.2702417223564866e+20,1.0008982770603052e+20,8.513310066464942e+19,8.098464329305057e+19,5.597877579798282e+19,5.2493253569188725e+19,5.190981751511869e+19,4.86546165840646e+19,4.576576413129245e+19,4.259524318776315e+19,3.959460558681827e+19,1.440802675865577e+19,1.4230986694886162e+19,8.640987665656709e+18,7.600610522001572e+18,4.2541220882955633e+18
43,XGBoost_grid_1_AutoML_20190421_193852_model_10,1.1381186652128894e+21,8.331855639431673e+20,8.082221815773968e+20,2.433767756629153e+20,2.21562289045979e+20,1.708403399130444e+20,1.4611249053012958e+20,1.2142744293586082e+20,1.1143919783416693e+20,1.104907766962334e+20,8.065566061792697e+19,6.50855028452701e+19,1.991237768037217e+19,1.0921567745954808e+19,7.146350591520801e+18,6.248706549825405e+18,1.087649202982355e+18,1.0073018410268099e+18
44,GBM_grid_1_AutoML_20190421_195113_model_32,5.377260307802237e+20,2.4113880330746095e+20,2.1425125800089643e+20,1.9048395077209974e+20,1.6577192556053188e+20,1.4725104801483116e+20,1.341593917613209e+20,1.251207376779325e+20,1.244406325615484e+20,8.708102185269644e+19,7.0498354608346235e+19,5.810802404563616e+19,5.585188336004445e+19,2.5484792769894416e+19,2.122596862012267e+19,1.609719657680339e+19,1.226039467658602e+19,1.0604422413015843e+19
45,GBM_grid_1_AutoML_20190421_193852_model_15,7.279391850325418e+20,6.644901513135884e+20,6.611413731469175e+20,1.9960094285994394e+20,1.9735779840179254e+20,1.701041948880158e+20,1.6490841310854172e+20,1.2669899426062821e+20,1.040593109729065e+20,9.91411338892133e+19,9.820543190178988e+19,9.30007044957122e+19,6.916600160217937e+19,5.530492470373751e+19,3.3238309075435913e+19,1.5336904077405585e+19,5.471343032894751e+18,3.050203310247117e+18
46,GBM_2_AutoML_20190421_193027,4.014600539049212e+20,3.510005977799553e+20,3.47355356094064e+20,9.741370436495396e+19,9.576357490617378e+19,7.247276083248313e+19,7.177241590605493e+19,7.051585003736741e+19,5.8727726391236755e+19,5.330263486472022e+19,5.280327626580296e+19,3.882559835825871e+19,2.74866230130513e+19,2.5075976754501255e+19,1.18742901733762e+19,7.965973837865026e+18,6.181981587182191e+18,2.1523612190197678e+18
47,XGBoost_grid_1_AutoML_20190421_195113_model_4,1.147162948795812e+21,8.59391517593627e+20,6.34164741010224e+20,2.377144139251712e+20,2.2860250597909384e+20,2.1719928616947548e+20,1.5534797478707593e+20,1.3174422211193419e+20,1.1593551429651504e+20,9.350441276262895e+19,8.119137786735152e+19,5.544899591134826e+19,2.8075345519027683e+19,2.271525272189875e+19,1.3913055211133338e+19,1.384452265137406e+19,1.0551088402487312e+19,7.872711612329624e+18
48,GBM_3_AutoML_20190421_193027,6.127273253089638e+20,3.435498847776801e+20,2.0359301449370095e+20,1.0158570008148024e+20,9.10774651446855e+19,7.844826348181783e+19,7.325783412494775e+19,5.8433483885504365e+19,4.255687463000028e+19,4.078524034025783e+19,3.884088596793131e+19,3.5389030785179714e+19,2.8955933386597204e+19,2.8440952926472503e+19,2.6101638584286052e+19,5.146808981817131e+18,3.208753711606137e+18,2.0659499129980846e+18
49,XGBoost_grid_1_AutoML_20190421_193027_model_2,7.859656736939086e+20,6.633280115034942e+20,5.424939705950976e+20,2.4066886324165647e+20,2.0059792722745308e+20,1.2378577223213803e+20,1.1211467620562135e+20,1.0871095764193378e+20,8.857369245028608e+19,8.154182300944931e+19,7.15702069216139e+19,6.962106307663679e+19,4.7530792555175215e+19,3.2948051199842583e+19,2.219521450828628e+19,2.1533308508365128e+19,7.453302352158654e+18,5.096873011974242e+18
50,GBM_grid_1_AutoML_20190421_193852_model_7,3.957561042393681e+20,2.641674146442526e+20,1.776643312874873e+20,1.701550890822423e+20,1.0298134097694189e+20,9.343574166440457e+19,8.999660123411658e+19,8.481950235622166e+19,8.417711488671678e+19,5.914578710039626e+19,5.309329664688469e+19,4.835628829312339e+19,4.197087891286078e+19,2.465824369980683e+19,1.277266703957151e+19,1.2272269402166002e+19,6.65245821466103e+18,3.6580097646688993e+18
51,GBM_2_AutoML_20190421_193852,5.2670723542004793e+20,3.679608021329117e+20,2.6401251544613152e+20,8.268316005954591e+19,7.831920720499599e+19,7.2693318466968486e+19,5.978681117548269e+19,5.265784606182028e+19,5.181986866787359e+19,5.174280609690603e+19,4.6167714796081775e+19,2.984860048890947e+19,2.430392387873276e+19,2.158275134724296e+19,9.772748519231193e+18,5.922787114096787e+18,5.394027574252798e+18,4.1972446266686177e+18
52,XRT_1_AutoML_20190421_193027,7.602259833423701e+20,7.53798009667973e+20,7.330636480897918e+20,2.8334657419954933e+20,2.7064353813185325e+20,2.0276690302924122e+20,2.0074883299934208e+20,1.8054795446295776e+20,1.7886054716194947e+20,1.3375738392192693e+20,1.2712434693090312e+20,7.134566025894298e+19,4.6890203886693384e+19,4.0211946181442404e+19,3.2220983742812914e+19,2.4522023005218406e+19,1.7562669654768353e+19,1.5088762994714214e+19
53,XGBoost_grid_1_AutoML_20190421_193027_model_3,6.989766061976663e+20,5.908861337536121e+20,4.644019049002141e+20,1.686539126627002e+20,1.618128216834221e+20,1.4119843881406379e+20,9.499183209268432e+19,8.552486105567252e+19,7.796305339852679e+19,7.211946135819964e+19,6.658331915727772e+19,3.7383373354151444e+19,1.6471197656014651e+19,1.5656753109437252e+19,1.4266458039509844e+19,7.769079342876852e+18,5.175290181267227e+18,4.5073662793293496e+18
54,DRF_1_AutoML_20190421_193027,9.203029840287897e+20,8.226165304114031e+20,6.658109726418031e+20,2.9806486554737744e+20,2.598787211616007e+20,2.2062395702674194e+20,2.1051620820524833e+20,1.917852447738052e+20,1.604695175414426e+20,1.1997427559203393e+20,1.0410205998499444e+20,9.570639150543641e+19,8.336607992569712e+19,5.33728540753165e+19,4.300609549869095e+19,2.3434841300836286e+19,1.7428567719086653e+19,1.4300852962249933e+19
55,GBM_grid_1_AutoML_20190421_195113_model_5,6.323712528273679e+20,2.594189141949578e+20,2.2238421357016016e+20,1.3073384129475222e+20,1.1147204244551185e+20,1.0669826202487122e+20,7.6817678941733e+19,6.624111155629523e+19,5.409618319281173e+19,4.657497830105652e+19,3.644566145947245e+19,3.0945647011616e+19,2.3931376353893417e+19,1.4064125909766504e+19,9.062304028746056e+18,7.724977931486757e+18,4.885567767836623e+18,0.0
56,GBM_grid_1_AutoML_20190421_193027_model_6,3.472918483024436e+20,2.978081603686173e+20,2.2560499099117185e+20,1.6193329297345426e+20,1.4501775518086463e+20,1.261668218366916e+20,1.1301713775751384e+20,8.43756778906001e+19,6.576318903607309e+19,6.255825337859441e+19,4.997534555330262e+19,4.7098992348715024e+19,4.664996059602433e+19,2.5680530028894355e+19,1.6503058204452717e+19,1.1441602661032395e+19,8.982810437569479e+18,3.513140311616389e+18
57,GBM_grid_1_AutoML_20190421_195113_model_45,6.059412450954466e+20,4.40600767897654e+20,3.654712615170222e+20,1.298422605099282e+20,1.1716826914139144e+20,1.0095167769643948e+20,7.259680773432882e+19,6.275496040685004e+19,6.043366266219633e+19,5.711075380510379e+19,5.104777401066324e+19,3.951424887901389e+19,1.2844467347888538e+19,9.206035487263818e+18,3.652750250797433e+18,3.183154332132442e+18,2.9832669664934625e+18,0.0
58,GBM_grid_1_AutoML_20190421_195113_model_31,1.0283161915917368e+21,7.124406098648996e+20,6.037123151236191e+20,1.781169606422241e+20,1.6969011001290234e+20,1.4036566870718625e+20,1.018912587608857e+20,8.7779924219869e+19,7.1271280496347185e+19,5.7756013198980415e+19,4.666585513611546e+19,3.819666891107782e+19,2.611527032944722e+19,2.1030297331820397e+19,1.4915845000037138e+19,1.1717998993534353e+19,7.708472612686397e+18,0.0
59,XGBoost_grid_1_AutoML_20190421_193852_model_1,1.0621010700963634e+21,9.1546858093504e+20,6.064500814845953e+20,1.6308376916420094e+20,1.4621431410295466e+20,1.2657017547831797e+20,1.0818649939157765e+20,8.515132616939143e+19,8.354931133944273e+19,6.731569505644629e+19,5.517659850263652e+19,4.689301863646049e+19,1.968839616667792e+19,1.2973197069756924e+19,7.817233004371116e+18,3.9095214002552177e+18,1.146391573768962e+18,
60,GBM_grid_1_AutoML_20190421_195113_model_38,3.3720364439964536e+20,3.084759212484628e+20,2.8802329852978292e+20,8.109447131052586e+19,7.7181678863178e+19,7.3534444862217126e+19,5.595500875463682e+19,4.670617642652926e+19,4.3709866503351304e+19,3.901497384298034e+19,3.5340658870627336e+19,1.834293918093122e+19,1.184687165191435e+19,9.844794018641215e+18,6.113637593667076e+18,5.187109931265819e+18,1.8771028810525573e+18,1.0144222783282872e+18
61,GBM_grid_1_AutoML_20190421_193852_model_16,6.31791836587809e+20,5.047303025571775e+20,3.297516647599749e+20,2.1902215330302578e+20,1.2641240875387165e+20,1.1650550992044714e+20,1.0639676714044201e+20,1.0348595524143992e+20,8.249241678235933e+19,7.0063453779095716e+19,6.1193218488803525e+19,5.961453969364274e+19,4.722875671102515e+19,2.9900587597693977e+19,1.6468253163875467e+19,1.524193046202155e+19,5.446314299955872e+18,2.829348532744356e+18
62,XGBoost_3_AutoML_20190421_193027,8.726269635797713e+20,6.366868271702957e+20,5.325646241322804e+20,1.5441205289732696e+20,1.5077938962445736e+20,9.654353327054599e+19,9.33019970700019e+19,8.965167124234371e+19,8.08891617032945e+19,8.027234447620519e+19,6.713524760614221e+19,6.588004073382661e+19,5.6635307385067405e+19,4.331394995837521e+19,3.200540469697813e+19,1.4111790838342222e+19,1.3098432543672238e+19,1.0596657661900489e+19
63,GBM_grid_1_AutoML_20190421_195113_model_8,8.114612548718947e+20,4.529875316446436e+20,3.034948696918469e+20,1.9158925022908436e+20,1.730323966629228e+20,1.7042627263011697e+20,1.412371416233615e+20,1.1773048901909191e+20,1.1248430562660057e+20,9.358845943145615e+19,8.037187226875147e+19,6.2822967400051245e+19,5.276398411827275e+19,4.97133715148222e+19,2.0200205635268116e+19,1.4377475728566387e+19,1.1726424551138e+19,4.6676715012463e+18
64,XGBoost_grid_1_AutoML_20190421_195113_model_11,6.335310704689042e+20,4.9620664212805334e+20,3.755097147176869e+20,1.297926329530969e+20,9.841382893767203e+19,8.106145957341351e+19,7.562376764364266e+19,5.748668122868692e+19,5.690406321126795e+19,4.124697804931911e+19,3.6823906653566927e+19,3.2293360195222897e+19,1.4350871945220719e+19,1.2408979379428786e+19,1.153135029764961e+19,1.0834429250430304e+19,9.428192361411772e+18,5.957915960848417e+18
65,XGBoost_grid_1_AutoML_20190421_195113_model_5,1.2095088117122922e+21,8.404944135571804e+20,8.028721866950574e+20,2.1070618622234198e+20,1.8266042416317124e+20,1.6086727686790683e+20,1.264687477296789e+20,1.2097781304884462e+20,1.1983704774479446e+20,8.816118207582359e+19,8.765038415793095e+19,3.922192392156034e+19,2.5922734848307364e+19,1.1384003644899721e+19,9.65694025801243e+18,8.986856640359694e+18,6.152907750964724e+18,3.214015699378766e+18
66,XGBoost_3_AutoML_20190421_195113,8.307667790995485e+20,5.7260496733495257e+20,5.24305057600055e+20,1.692206977126792e+20,1.539662493107754e+20,1.2954626318363787e+20,1.0803009606154977e+20,1.0178623341020054e+20,9.664261246234814e+19,7.269192868427098e+19,7.071085502162325e+19,6.92737493436549e+19,5.065542428140765e+19,4.088089345382783e+19,2.1453303644281635e+19,2.1061848917491057e+19,1.893660509118608e+19,1.0390873065645933e+19
67,GBM_grid_1_AutoML_20190421_195113_model_14,5.068960695442311e+21,3.4160920629262753e+21,2.8640957082236585e+21,1.4119322449012022e+21,1.1552299512595952e+21,8.615084205247237e+20,8.317168275146911e+20,5.752967125372366e+20,5.604137583280327e+20,5.2386641403322355e+20,5.000209799062036e+20,4.065360680818049e+20,2.8185134393889024e+20,2.2237344715230098e+20,1.2395083971379279e+20,1.1213334151501447e+20,7.567086192568356e+19,2.6599379801598853e+18
68,XGBoost_3_AutoML_20190421_193852,6.630396403898542e+20,6.411748049364588e+20,6.246370241548009e+20,1.746963183955618e+20,1.737116309660977e+20,1.5472114760612735e+20,1.4595922740531062e+20,1.0523370374058056e+20,1.0107319572154129e+20,9.745080628532163e+19,6.743520757233903e+19,5.10609065775454e+19,3.956676155435647e+19,1.9751741230577353e+19,1.37227847239467e+19,9.698085082635436e+18,7.939946198612312e+18,5.809231752203338e+18
69,GBM_grid_1_AutoML_20190421_195113_model_10,3.6932201512028445e+20,3.2646505737878503e+20,3.245801601972421e+20,1.167878996908321e+20,9.917926495246457e+19,9.916313291786184e+19,9.046855560522315e+19,8.797172302821825e+19,7.735837477980812e+19,5.803436116462168e+19,4.968329327473276e+19,4.470868045820907e+19,4.054183485414729e+19,3.3088243330430534e+19,2.9386763823801696e+19,1.5903014027245126e+19,1.120446329168855e+19,4.813548106949853e+18
70,XGBoost_grid_1_AutoML_20190421_193852_model_3,5.720124976933487e+20,5.2348272845559484e+20,4.927878118765536e+20,1.5659765331492707e+20,1.326909719921935e+20,1.0336278355084994e+20,7.213676767122083e+19,6.529594497277991e+19,5.151627151721208e+19,3.3946654048467812e+19,2.93155704459032e+19,1.660772291532397e+19,8.434028790983688e+18,5.243804049328833e+18,5.217445457076158e+18,3.8948060863848776e+18,3.300523075228926e+18,6.799493293303398e+17
71,XGBoost_grid_1_AutoML_20190421_195113_model_3,5.4772169978442836e+20,5.3472638713779035e+20,4.792717001542567e+20,1.5829348727305064e+20,1.433096594690681e+20,1.1203569608637494e+20,7.943910817639747e+19,5.466794243339479e+19,5.316417556445764e+19,4.472417477606769e+19,4.357797788457632e+19,3.4301739129634816e+19,3.3851774991083766e+19,9.599351137484407e+18,8.888498178429551e+18,6.997617454608286e+18,3.4442122025490186e+18,3.148451271258669e+18
72,GBM_grid_1_AutoML_20190421_195113_model_24,6.830005087320345e+20,6.615610523371931e+20,4.585091910784044e+20,2.8085251239184643e+20,2.494917491632101e+20,2.157667192755066e+20,1.9843897897171026e+20,1.4825190266327007e+20,1.4614337361273055e+20,1.3529885524360377e+20,1.1868181286772277e+20,8.169413615622187e+19,7.579680438557553e+19,6.403702614920895e+19,6.2756482130942886e+19,3.845563028769813e+19,8.586615166395744e+18,4.875270291686687e+18
73,GBM_grid_1_AutoML_20190421_195113_model_33,3.784742091724035e+20,3.2619058409212006e+20,2.0346211103734445e+20,1.526467122121419e+20,1.2606128631261115e+20,1.2500636208036472e+20,1.0567430004006296e+20,7.487197436912756e+19,5.833483130421379e+19,4.675800740466262e+19,3.874009593603634e+19,3.765826005718847e+19,2.6080758858474586e+19,1.4402802978912207e+19,1.3379387451382956e+19,9.13184703969126e+18,4.692731570266571e+18,3.0767496441102336e+18
74,GBM_grid_1_AutoML_20190421_195113_model_41,1.8057606677625674e+20,8.062326460732618e+19,6.3471248251881e+19,5.931153627926023e+19,3.3602221035950703e+19,3.1141584381732192e+19,3.0691787368948564e+19,1.5032886913302266e+19,1.4244209421721797e+19,1.289333074413853e+19,9.190547766474965e+18,7.113128297931735e+18,6.292181789343482e+18,5.181329248882786e+18,3.749010294785966e+18,3.1513745977990185e+18,2.1432833761429422e+18,1.2632987281402102e+18
75,GBM_grid_1_AutoML_20190421_193852_model_20,8.168895701665039e+20,5.985138945162383e+20,4.4025149263592817e+20,1.5795503120574212e+20,1.554074891524642e+20,1.4695013367254142e+20,1.0591326349919728e+20,1.0481541433300248e+20,1.0279998313101e+20,9.999312345934437e+19,6.499522854258318e+19,6.049467676144488e+19,4.7215879230840635e+19,4.352078568774592e+19,3.85259990318758e+19,5.392090784520471e+18,5.321621435028865e+18,2.017939600332292e+18
76,XGBoost_grid_1_AutoML_20190421_193852_model_9,7.88654815252658e+20,6.097371462626223e+20,5.487391614564932e+20,2.6727004294379e+20,2.005126579016958e+20,1.797266984418463e+20,1.3505559929107461e+20,1.2695679015492308e+20,1.1561421061059982e+20,8.966886760420213e+19,8.117510509526044e+19,7.711816227546464e+19,5.975575656906778e+19,5.4492851803741225e+19,2.8555119616830996e+19,9.902194023169262e+18,9.597806323647382e+18,3.768747628016173e+18
77,XGBoost_grid_1_AutoML_20190421_195113_model_10,7.913906112887972e+20,6.923814363871031e+20,6.487559815904394e+20,1.6376470990942215e+20,1.544906547845734e+20,1.2159185071053891e+20,1.0771532787275006e+20,8.468059445521495e+19,7.384612122431953e+19,6.342421994053776e+19,4.029671852794393e+19,3.338537535272072e+19,2.310756726678225e+19,1.9294423558259737e+19,1.899531461406281e+19,1.7490734106521108e+19,4.619681666984575e+18,2.77000294239096e+18
78,GBM_grid_1_AutoML_20190421_195113_model_15,6.413894999749448e+20,6.369773797150053e+20,5.347576660445773e+20,2.2681848239232962e+20,2.0139098297433535e+20,1.9864781581224352e+20,1.9830327284856363e+20,1.7863353759323233e+20,1.6525056353491957e+20,1.0039143693966901e+20,9.412209200683444e+19,8.482076019752383e+19,8.156828165726011e+19,6.99305624057162e+19,5.9088370603193795e+19,3.8926159691735106e+19,6.049664708628185e+18,5.230931516946645e+18
79,XGBoost_grid_1_AutoML_20190421_195113_model_9,4.266174780827616e+20,4.2434206955540473e+20,3.060043950310828e+20,1.2799787813284558e+20,1.2453843631986233e+20,1.0186900464553951e+20,8.60413764340296e+19,5.863481326064317e+19,5.161650299720014e+19,2.6312305012167934e+19,2.5228846254157464e+19,9.802557378971828e+18,9.422146146970632e+18,7.240306059137516e+18,5.595069427100942e+18,4.676637468815e+18,3.2803657285569085e+18,3.0153204792222024e+18
80,XGBoost_grid_1_AutoML_20190421_193027_model_7,7.12216977995903e+20,4.8739475132277745e+20,4.1330715975281227e+20,1.6210699821845683e+20,1.4095560507399969e+20,1.0601987214662645e+20,1.0034194132423305e+20,7.71515346523909e+19,6.5364193858539225e+19,6.354819207559276e+19,6.321778883144607e+19,4.441814550568554e+19,3.754887184436429e+19,1.7837485989061198e+19,1.6973197281861829e+19,6.47074192793849e+18,1.8738888711256146e+18,1.7609341174588375e+18
81,GBM_grid_1_AutoML_20190421_193027_model_5,3.958101685455198e+21,3.62041221524575e+21,2.1143379903713903e+21,2.0325496656510866e+21,1.9951986399290243e+21,1.5803536416409534e+21,1.571966109547441e+21,1.121928435658725e+21,1.0943078591440617e+21,1.020765836447706e+21,6.05480400189827e+20,4.827409496109597e+20,4.734509735577408e+20,4.228962029687863e+20,2.965590447907196e+20,2.117333763732894e+20,1.6353275693642652e+20,1.3771162355959543e+20
82,GBM_grid_1_AutoML_20190421_193852_model_12,1.3331019055267788e+20,1.1472079144233415e+20,1.049045011631314e+20,3.4315581981028516e+19,2.385816207362307e+19,1.996629553157505e+19,1.946399683856512e+19,9.652512524687376e+18,6.09345220944855e+18,5.421785844807631e+18,4.4458628974064435e+18,4.225909719438459e+18,1.41532710140117e+18,7.500064994004828e+17,4.565670151134904e+17,2.3758602876275917e+17,3.73142506658857e+16,0.0
83,GBM_grid_1_AutoML_20190421_195113_model_20,1.2930830247910808e+20,8.488360828216751e+19,7.504159822696782e+19,2.633569602253724e+19,2.5728569890935144e+19,2.478357483123376e+19,1.5119314024803598e+19,1.2398005153871954e+19,1.2293945174395978e+19,1.1837042017962033e+19,1.122577182703485e+19,6.669663372612469e+18,6.419419473932976e+18,5.178745396557513e+18,2.836420316656304e+18,1.9343188548219044e+18,1.928197736151122e+18,1.5748377887280988e+18
84,GBM_grid_1_AutoML_20190421_193852_model_13,7.820171427206115e+21,5.531610981562455e+21,5.417607423545152e+21,1.9514495472488405e+21,1.780477705745114e+21,1.5322315537225928e+21,9.48240430998485e+20,8.976415743913031e+20,8.385452697122033e+20,7.925024374468043e+20,7.610090467275791e+20,6.585005749154181e+20,5.36716942988716e+20,4.5562365035465513e+20,2.3799807033295136e+20,1.387082208990116e+20,8.249146680431293e+19,1.6833971621994693e+19
85,GBM_grid_1_AutoML_20190421_195113_model_25,3.320108814392965e+21,2.332802823220529e+21,1.9143650783297232e+21,9.823222656035413e+20,9.758788811741693e+20,9.124052183947537e+20,8.748803115058284e+20,7.221005495906326e+20,5.2926186712430176e+20,4.492979576499203e+20,4.316468025978834e+20,3.9888473378987914e+20,3.951793268277159e+20,2.8207696372490987e+20,1.4165581805903256e+20,7.89879917496605e+19,4.9599629235952026e+19,3.5995571976595833e+19
86,GBM_grid_1_AutoML_20190421_193027_model_3,1.1835828377027294e+20,9.473535561234278e+19,8.917172122267995e+19,3.680489609752268e+19,3.312009398326395e+19,1.6045678959483945e+19,1.3017868028170207e+19,8.475968562513576e+18,8.391323209605054e+18,7.851872018692571e+18,5.981263540508426e+18,5.145882093514916e+18,4.0768296866073805e+18,1.6665546506706616e+18,1.0739244803691643e+18,7.387750568422277e+17,7.192022380393267e+17,0.0
87,GBM_grid_1_AutoML_20190421_195113_model_2,3.1404973799540817e+21,2.7974111900161603e+21,2.7685642270279687e+21,1.3434203911448984e+21,1.3224983561259954e+21,1.1293702821992339e+21,8.496624757611115e+20,7.9287461773476e+20,6.63480007990918e+20,6.602672526067426e+20,4.649438497834984e+20,4.37574348948061e+20,3.549765021947375e+20,3.358579477203638e+20,1.5936515047031833e+20,1.3792857039789516e+20,6.03064711570952e+19,3.2519971740730786e+19
88,GBM_grid_1_AutoML_20190421_195113_model_22,5.188978810761968e+21,2.924966360787198e+21,2.2394820464919246e+21,8.920376187112265e+20,5.8385122966068265e+20,5.659057573361227e+20,3.663052366886438e+20,3.611045994658215e+20,3.5612407567478686e+20,3.5233218552602925e+20,3.146450434974024e+20,2.7261002787227016e+20,2.5154947198045336e+20,1.873441501834505e+20,1.208532779638362e+20,1.1186323988658153e+20,4.5812049172775305e+19,4.107548502171163e+19
89,GBM_grid_1_AutoML_20190421_195113_model_40,4.1161282113050247e+21,3.344601078016466e+21,2.928384874379349e+21,1.9133620422502148e+21,1.858535501861583e+21,1.7259641655305846e+21,1.222087787684003e+21,1.2006648679440434e+21,9.96070418259764e+20,9.129923751961722e+20,6.435978119047283e+20,5.650451124104578e+20,5.254164967299691e+20,4.3812765838353e+20,3.8461880791399714e+20,3.165179076236909e+20,1.2523720674563955e+20,6.1370257453061505e+19
90,XGBoost_grid_1_AutoML_20190421_195113_model_15,9.5911873516091e+20,8.832646770058529e+20,7.02955114255983e+20,2.9231306513578354e+20,2.351379679102223e+20,1.8058600636137184e+20,1.7583414580454254e+20,1.5338910246321625e+20,1.4201928141880322e+20,1.386971730061757e+20,1.265596113705983e+20,1.1362069047632567e+20,9.115783504662941e+19,4.009454032982848e+19,2.366384318462296e+19,2.139418730210263e+19,1.5990761652211417e+19,1.3082524809441575e+19
91,XGBoost_grid_1_AutoML_20190421_195113_model_8,6.403501536234407e+20,5.911925896345058e+20,5.828810909690773e+20,1.7615794758087606e+20,1.2615647763129749e+20,1.2134906974703295e+20,1.045812975211234e+20,8.749340908185662e+19,7.942470897212011e+19,7.894028174110805e+19,6.28283769972599e+19,5.820977724971706e+19,5.552104031124665e+19,2.501967956013587e+19,1.4075022069997765e+19,1.167391187579542e+19,9.7783065505096e+18,2.5255474226758943e+18
92,GBM_grid_1_AutoML_20190421_195113_model_11,4.133445607403427e+20,3.452393327722695e+20,3.052138021902468e+20,9.821695478364897e+19,9.35091450606749e+19,8.340693777778527e+19,5.712047348789333e+19,4.6821326080282984e+19,4.645708866432637e+19,4.020033533865309e+19,3.3214489255531774e+19,2.158306800659176e+19,2.0332019487252414e+19,1.3274013555511788e+19,1.1303407243560485e+19,6.805016002770764e+18,5.735866838839984e+18,5.275743212848284e+18
93,GBM_grid_1_AutoML_20190421_195113_model_27,1.3605733354881575e+20,7.077178995603459e+19,6.086628090530759e+19,2.247742395876429e+19,1.8522597181886562e+19,1.7672715375545942e+19,1.5841161000624587e+19,1.02593230964523e+19,9.505205454356087e+18,7.363260596181008e+18,2.578232996221944e+18,2.5723943146005463e+18,1.5063529202856755e+18,1.460294103320232e+18,1.447811897565905e+18,1.289825820549841e+18,4.669150000788275e+17,0.0
94,GBM_grid_1_AutoML_20190421_195113_model_30,5.310738130287557e+21,4.5422602154217046e+21,4.366144137243614e+21,1.8627245532024794e+21,1.4327891184629968e+21,1.2917949249289087e+21,1.2478908802740456e+21,1.2403141368509482e+21,7.704996792548207e+20,6.991399320529026e+20,6.426720407063269e+20,5.886365505553684e+20,5.2141216334253916e+20,5.1177903410833785e+20,2.511111450729707e+20,2.200480416322059e+20,8.097933924895818e+19,2.545664967026986e+19
95,GBM_grid_1_AutoML_20190421_195113_model_4,4.420695043261302e+20,3.389500558926466e+20,3.2661279655718604e+20,1.3893901278772829e+20,9.349007513100275e+19,8.787661087436911e+19,6.188510597179087e+19,6.023312493542952e+19,5.790301790361407e+19,5.3970821275059225e+19,4.718821112023928e+19,3.6635694452147487e+19,3.0261317571557982e+19,2.8197112033757364e+19,8.613373980880929e+18,5.07239953240739e+18,2.1931738536922317e+18,0.0
96,GBM_grid_1_AutoML_20190421_193852_model_17,4.29603040939485e+21,3.559863851530544e+21,3.02631142615187e+21,9.99838664510478e+20,7.850547503005287e+20,6.934467488052087e+20,5.3471910397276796e+20,4.69131423380767e+20,4.184110751367624e+20,3.979766251462664e+20,3.683508912662606e+20,3.6200697305678375e+20,3.378055786373411e+20,2.1255975172053978e+20,1.2571751740511722e+20,1.1045546917884225e+20,2.9322341238507045e+19,3.306771050053763e+18
97,GBM_grid_1_AutoML_20190421_193027_model_7,4.3416698880186227e+21,3.117133268037237e+21,2.6017345712815163e+21,8.711834895304549e+20,5.7159116483758496e+20,5.257476520400692e+20,5.206805746936961e+20,4.7586567701419734e+20,3.848559505818759e+20,3.824699927574159e+20,3.6542175710549325e+20,3.556378276525192e+20,2.9938146475094154e+20,2.075029130264445e+20,1.3180461608662467e+20,5.778703262102323e+19,2.227331281920721e+19,1.7639217654294118e+18
98,GBM_grid_1_AutoML_20190421_195113_model_23,5.246253901973006e+21,3.8131156138013995e+21,3.186371327233454e+21,9.657722406603965e+20,6.575395489761838e+20,5.481216405419621e+20,4.950726146312582e+20,3.7661781133225257e+20,3.715801129365736e+20,3.145834708462469e+20,2.980455141427286e+20,2.903453791267156e+20,2.7823143500090284e+20,1.1766824786486677e+20,1.162121602181565e+20,9.089396984814921e+19,5.364613549137697e+19,4.887773827966593e+19
99,DeepLearning_grid_1_AutoML_20190421_195113_model_1,1.0,0.7095438241958618,0.5674692392349243,0.5075188875198364,0.38552817702293396,0.37939485907554626,0.362391859292984,0.35428494215011597,0.3351457715034485,0.31628257036209106,0.2827518880367279,0.2427961230278015,0.2318962961435318,0.2204003781080246,0.17610739171504974,0.1756773740053177,0.130828857421875,0.09127628803253174
100,GBM_grid_1_AutoML_20190421_193027_model_10,1.684573023914678e+20,7.748563665365343e+19,2.8998933087336268e+19,2.4989497965953417e+19,2.4744975376029057e+19,1.7439786036224852e+19,1.5222413031116898e+19,1.36860181546255e+19,1.0927540293116887e+19,7.662034189331464e+18,5.021868726773875e+18,3.26662348247715e+18,2.185826779556479e+18,1.8533108238170194e+18,1.405904973945897e+18,1.2147514414832026e+18,1.0648627865693716e+18,4.70945500468609e+17
101,GBM_grid_1_AutoML_20190421_195113_model_17,1.411875492509023e+20,7.127387974183525e+19,3.982861684558109e+19,2.406090761973845e+19,2.350928483510649e+19,2.2645433733534974e+19,1.597412933981805e+19,1.1025548560593584e+19,1.1001807905526645e+19,4.10544997427839e+18,1.742352920705237e+18,1.2210145345929216e+18,1.1301846349365903e+18,7.963734544996106e+17,7.19278447939027e+17,6.012592062757601e+17,5.465120484276306e+17,0.0
102,GBM_grid_1_AutoML_20190421_193852_model_3,5.054524969786729e+21,3.1974014871458147e+21,3.180215469492792e+21,8.059992329488244e+20,6.755538771169216e+20,4.0425590966421606e+20,4.001833889636779e+20,2.619076279781032e+20,2.4891725873574366e+20,2.4000898034313042e+20,2.380663280148037e+20,2.1287213616813048e+20,8.678534118575492e+19,7.898631169589327e+19,5.0179278571976e+19,4.193862803779486e+19,3.835510413859383e+19,0.0
103,GBM_grid_1_AutoML_20190421_193852_model_14,4.941059943768617e+20,4.047465909173669e+20,3.412560396393487e+20,9.206876723610229e+19,8.782685137614248e+19,6.112306085085839e+19,4.3713094669490455e+19,4.307243563226445e+19,4.129350938140659e+19,3.0025835166237196e+19,1.5606528517792072e+19,1.236945193641024e+19,1.1242139157125923e+19,8.486810296919261e+18,6.377470906310066e+18,1.157370815847596e+18,3.45039187021398e+17,0.0
104,GBM_5_AutoML_20190421_193027,4.017661931264661e+20,3.59682482330363e+20,3.2351069602323e+20,6.938759717564134e+19,6.8597681633968e+19,6.0928697981393175e+19,5.753615485389033e+19,3.233830823056638e+19,2.884343795391293e+19,2.7459830113705656e+19,2.0392686140826583e+19,1.5227950171674378e+19,1.4751004017777705e+19,8.585916426756293e+18,7.533683798974661e+18,2.847259577160827e+18,9.308338309719654e+17,0.0
105,GBM_5_AutoML_20190421_193852,3.6537735442791714e+20,3.466605702984258e+20,3.156623292476068e+20,7.922479136991137e+19,7.15314293455255e+19,5.798797496806906e+19,4.992974220902898e+19,4.426027322812295e+19,4.3471048179751846e+19,3.73006944777892e+19,2.598673522113695e+19,2.0673200144374563e+19,1.6677754109431906e+19,1.2140335703414276e+19,5.711327938331279e+18,5.159380797769122e+18,5.317671164628173e+17,0.0
106,GBM_grid_1_AutoML_20190421_195113_model_29,2.676472370047683e+21,2.6450521628224027e+21,2.3945678625225667e+21,1.0771706773994985e+21,1.02439630069732e+21,9.170043787767175e+20,8.223229520106939e+20,6.806656738002196e+20,5.0642854664478917e+20,4.069534602878947e+20,3.9417629074820746e+20,3.807259386173446e+20,3.772795941868714e+20,3.062043126332916e+20,2.2478202852801407e+20,2.0576447079372135e+20,6.335445372873212e+19,5.7841225350133055e+19
107,GBM_5_AutoML_20190421_195113,3.9709898616888256e+20,3.729462517360388e+20,2.592311000167476e+20,7.930439601176235e+19,7.063136472898155e+19,6.253954408873617e+19,4.670761018969188e+19,4.326702280210173e+19,3.5571384788646363e+19,3.2380151245073023e+19,2.848842983855987e+19,2.3646437915555267e+19,1.9688873354724377e+19,1.7434475395062694e+19,1.7387028169789276e+19,3.4447341956943053e+18,3.9942096341172224e+17,0.0
108,DeepLearning_grid_1_AutoML_20190421_195113_model_4,1.0,0.7394665479660034,0.725689172744751,0.6566914319992065,0.6345611214637756,0.6069953441619873,0.5940739512443542,0.5925713777542114,0.5924725532531738,0.5456402897834778,0.5247089266777039,0.5137020349502563,0.48981618881225586,0.47470369935035706,0.45344287157058716,0.4530596435070038,0.423250287771225,0.36848321557044983
109,GBM_grid_1_AutoML_20190421_195113_model_28,5.909474249297908e+21,4.494103224606232e+21,4.4241423376698216e+21,2.1294001385876425e+21,1.7151857849848918e+21,1.6240688165864436e+21,1.2362410532004566e+21,1.0469508202124007e+21,9.886294865129295e+20,9.026648471944257e+20,7.64607774673569e+20,7.641762735342716e+20,6.973109076542368e+20,6.26340581082598e+20,2.974072344486651e+20,2.603426095154059e+20,9.312509884323227e+19,1.731647250863489e+19
110,GBM_grid_1_AutoML_20190421_193852_model_9,3.579665616142139e+21,3.3323656422538305e+21,3.3039363881310775e+21,1.447008812073954e+21,1.306569546456451e+21,1.201218388485745e+21,1.1353939170695861e+21,1.045012513154027e+21,6.605213541419681e+20,6.427108138843688e+20,5.826762475547761e+20,5.583184586013986e+20,5.582037927327611e+20,3.821339116352234e+20,2.7956142185804674e+20,2.4528853611254802e+20,7.961229445191172e+19,3.238455808767715e+19
111,GBM_grid_1_AutoML_20190421_195113_model_7,7.93597445474953e+20,6.229175638908197e+20,5.936295296141225e+20,1.6584220634377932e+20,1.3241649870552852e+20,1.1329092494892309e+20,1.1057602842980463e+20,1.0191348648795282e+20,9.10735069028255e+19,7.924062433735134e+19,5.974292746739489e+19,5.0540107501886505e+19,4.427111001472631e+19,3.4660419613824647e+19,3.297293974504892e+19,1.067680216396071e+19,1.2622741207420764e+18,0.0
112,GBM_grid_1_AutoML_20190421_195113_model_39,1.6585700137224267e+20,6.021882248817541e+19,5.087603469245114e+19,4.304966254742995e+19,3.3436997423644803e+19,3.0124896765853303e+19,2.8218356797429252e+19,2.1904314517902328e+19,1.9343833411788734e+19,7.852232108750668e+18,7.351184659973145e+18,5.908363720563622e+18,4.928820906005889e+18,3.4225075681388134e+18,2.938016840330248e+18,2.4609788772126556e+18,2.4247747080890614e+18,2.0839005398331556e+18
113,GBM_grid_1_AutoML_20190421_195113_model_9,8.49728411274406e+20,5.8381400459501267e+20,5.381016591366441e+20,1.259514758873219e+20,1.1204562687539701e+20,1.1022649808138115e+20,7.968344604836836e+19,5.771658471200837e+19,4.827034606624991e+19,4.783328579616244e+19,2.7298146928841196e+19,2.508849799291837e+19,1.6668310404060938e+19,8.817625857926365e+18,1.2923709150902354e+18,7.961590497321943e+17,0.0,0.0
114,GBM_grid_1_AutoML_20190421_193027_model_4,7.599965671626021e+21,5.990269952512842e+21,4.886376885249364e+21,1.468837055780377e+21,1.0092456286008923e+21,8.113231913958181e+20,8.037595365591378e+20,7.859701069247918e+20,7.044143509039953e+20,7.025333943721263e+20,5.849008146644646e+20,4.856797242896794e+20,4.126328512617298e+20,3.468543658198911e+20,2.086311878784031e+20,1.7068997949892277e+20,2.9436776209702715e+19,0.0
115,DeepLearning_grid_1_AutoML_20190421_193852_model_1,1.0,0.9642497897148132,0.7527790069580078,0.7051024436950684,0.6974847316741943,0.689052402973175,0.6691606044769287,0.5963551998138428,0.5745925307273865,0.5646377801895142,0.5632973313331604,0.5459631085395813,0.5117542147636414,0.5053063631057739,0.4782985746860504,0.4044586718082428,0.39067959785461426,0.2891331613063812
116,GBM_grid_1_AutoML_20190421_195113_model_35,6.300211478780665e+20,6.193892750577516e+20,4.560266169681885e+20,1.2742558672863468e+20,1.1149035591118409e+20,9.001236383281237e+19,8.911846087943048e+19,8.167781060757265e+19,7.471367108300689e+19,6.903028668293972e+19,6.0067133864007434e+19,4.8358535694890566e+19,3.786897486358197e+19,3.2999796416068977e+19,1.4013538479284158e+19,1.196456997362126e+19,9.121138208753582e+17,0.0
117,DeepLearning_1_AutoML_20190421_193027,1.0,0.756159245967865,0.677639365196228,0.6222917437553406,0.6190869212150574,0.6024385094642639,0.5798927545547485,0.5578292012214661,0.5522172451019287,0.5244091749191284,0.5093113780021667,0.5090535283088684,0.49558570981025696,0.4500841796398163,0.42389270663261414,0.3869556486606598,0.3798987865447998,0.37545397877693176
118,GBM_grid_1_AutoML_20190421_193852_model_2,6.883136726136714e+21,6.306136667777913e+21,5.058632815596844e+21,1.2462415776480095e+21,1.1670415560760487e+21,8.412816286982959e+20,7.766032530185587e+20,7.438783389074803e+20,7.160840219634424e+20,5.84857010121214e+20,5.652381338757371e+20,5.1806771285363524e+20,4.892338736362328e+20,1.5739595153325058e+20,9.245679808368398e+19,7.3620928048811475e+19,6.621425708429843e+19,3.4113419176075854e+19
119,DeepLearning_1_AutoML_20190421_195113,1.0,0.7689015865325928,0.7437027096748352,0.7376587390899658,0.6204791069030762,0.6073095798492432,0.6027255654335022,0.5676813125610352,0.5495376586914062,0.543639600276947,0.5171497464179993,0.4904450476169586,0.4675077199935913,0.4593954086303711,0.4189884066581726,0.39458414912223816,0.3531120717525482,0.32587817311286926
120,GBM_grid_1_AutoML_20190421_193852_model_21,3.6471621896574473e+21,3.1491389432140755e+21,2.0558266610626394e+21,5.770275373534025e+20,3.411476014045709e+20,2.5691410356158176e+20,2.4303608538797913e+20,2.338819210110231e+20,2.3283566093040353e+20,1.8425151424558635e+20,1.8136138196127947e+20,1.718128359575797e+20,1.4130122116102829e+20,2.5325647257866863e+19,2.460314937116223e+19,2.3675423241086697e+19,8.642266397679813e+18,2.747869773323829e+18
121,DeepLearning_1_AutoML_20190421_193852,1.0,0.9928938150405884,0.8188231587409973,0.8140654563903809,0.7656422853469849,0.732411801815033,0.725400984287262,0.7181556224822998,0.6458142399787903,0.6177858114242554,0.5919966101646423,0.590345561504364,0.5894742608070374,0.5260781645774841,0.5236675143241882,0.5226098299026489,0.5056532621383667,0.4741297662258148
122,DeepLearning_grid_1_AutoML_20190421_195113_model_5,1.0,0.5242670774459839,0.5108246207237244,0.4616243541240692,0.44793814420700073,0.43809109926223755,0.4364442825317383,0.4282330572605133,0.42602941393852234,0.409397155046463,0.4047892093658447,0.40452325344085693,0.4025602340698242,0.39735594391822815,0.3836071193218231,0.3656180799007416,0.3616444170475006,0.30158349871635437
123,GBM_grid_1_AutoML_20190421_193852_model_1,6.516014209261004e+19,6.1773250454873965e+19,5.9213578589318414e+19,3.3591386448370598e+19,3.33565527549102e+19,2.361278846169881e+19,1.7459962074594542e+19,1.2312259739579843e+19,1.1115609558024716e+19,7.158018059158946e+18,3.990467446292087e+18,3.332540853829763e+18,1.8043631774885478e+18,1.5603011454972723e+18,1.5529190244283843e+18,9.809890846651187e+17,1.4475805878072115e+17,0.0
124,DeepLearning_grid_1_AutoML_20190421_193852_model_2,1.0,0.9408678412437439,0.9041271805763245,0.8828321099281311,0.8819610476493835,0.8649211525917053,0.8630595207214355,0.8515881896018982,0.8450611233711243,0.8377339839935303,0.8228857517242432,0.8128484487533569,0.7991203665733337,0.7936872839927673,0.7728760242462158,0.7509424090385437,0.7485712766647339,0.7272534370422363
125,GBM_grid_1_AutoML_20190421_195113_model_13,2.2132549118494675e+21,1.989466120553335e+21,1.4509574837847395e+21,8.30866421241304e+20,7.462229550947358e+20,6.032423926500006e+20,4.6904771975956765e+20,4.6810794518107495e+20,4.656750162198764e+20,3.44400220682323e+20,2.7146282382812774e+20,2.6984536305883205e+20,2.6960566952397688e+20,2.6094815015124074e+20,1.5463693381153273e+20,9.151776237700514e+19,3.2729901495822057e+19,3.387992798631297e+18
126,DeepLearning_grid_1_AutoML_20190421_193027_model_3,1.0,0.8910967111587524,0.8654041290283203,0.8623175024986267,0.8608731627464294,0.8534992933273315,0.848537266254425,0.8448624014854431,0.8444206118583679,0.8321366310119629,0.8301095366477966,0.8295007348060608,0.8281052708625793,0.82469242811203,0.8218578696250916,0.8073364496231079,0.7924529910087585,0.7673959136009216
127,DeepLearning_grid_1_AutoML_20190421_193852_model_7,1.0,0.7116780877113342,0.6539218425750732,0.6377344131469727,0.6239314079284668,0.6159369349479675,0.6154153347015381,0.6009286642074585,0.5929946899414062,0.5771974325180054,0.5727558732032776,0.5503358244895935,0.5278611183166504,0.5257443785667419,0.5144702792167664,0.5144453048706055,0.499483585357666,0.4797509014606476
128,GBM_grid_1_AutoML_20190421_193027_model_9,3.621769206108472e+21,2.817879487372606e+21,2.518177880020028e+21,8.447780404902515e+20,8.034916427500534e+20,6.944827878257365e+20,5.1247522727885957e+20,5.001788873681383e+20,4.471752141130569e+20,4.443041693506082e+20,3.9731540524160097e+20,3.4865657972702524e+20,3.2976510519011285e+20,2.4266133664086098e+20,1.1439348002488477e+20,6.668710865689326e+19,5.122863927538588e+19,3.3472137815268524e+19
129,DeepLearning_grid_1_AutoML_20190421_195113_model_7,1.0,0.8527101278305054,0.8300923705101013,0.8106485605239868,0.7802351117134094,0.7796964049339294,0.7760729193687439,0.758705735206604,0.7219493389129639,0.718727707862854,0.7164746522903442,0.7083153128623962,0.701335608959198,0.6940329670906067,0.6846827268600464,0.6657106280326843,0.6489540338516235,0.5818483233451843
130,DeepLearning_grid_1_AutoML_20190421_193852_model_6,1.0,0.5985554456710815,0.5874573588371277,0.583191454410553,0.5633231401443481,0.5598010420799255,0.5401937961578369,0.538171112537384,0.5315452218055725,0.5285811424255371,0.528351902961731,0.518318772315979,0.5118025541305542,0.5114032030105591,0.5082437992095947,0.5053929686546326,0.5018755197525024,0.47119688987731934
131,DeepLearning_grid_1_AutoML_20190421_193027_model_1,1.0,0.7604896426200867,0.7340376377105713,0.7000300884246826,0.5499024391174316,0.5293046832084656,0.5145142078399658,0.5102518796920776,0.48114627599716187,0.46777981519699097,0.4663582742214203,0.41538769006729126,0.4148634970188141,0.412527471780777,0.41252416372299194,0.35780954360961914,0.30356600880622864,0.2980256974697113
132,DeepLearning_grid_1_AutoML_20190421_193852_model_3,1.0,0.5844437479972839,0.5742573142051697,0.5402085781097412,0.5302025079727173,0.4970157742500305,0.49106860160827637,0.4798765778541565,0.467561811208725,0.46353623270988464,0.4488777220249176,0.446194052696228,0.44599905610084534,0.44130444526672363,0.43712306022644043,0.43256089091300964,0.43061062693595886,0.4075123965740204
133,DeepLearning_grid_1_AutoML_20190421_195113_model_3,1.0,0.8618755340576172,0.8559300303459167,0.8513362407684326,0.8443331718444824,0.8271816968917847,0.8248881697654724,0.8213564157485962,0.8210289478302002,0.8195541501045227,0.8013772368431091,0.7968162298202515,0.7963791489601135,0.7921034693717957,0.786714494228363,0.7754752039909363,0.7394385933876038,0.7312541604042053
134,DeepLearning_grid_1_AutoML_20190421_193852_model_8,1.0,0.5387051701545715,0.5318782925605774,0.5253491401672363,0.4683491587638855,0.45817211270332336,0.44988059997558594,0.42224547266960144,0.4218904972076416,0.41367971897125244,0.40836596488952637,0.4083024263381958,0.39577051997184753,0.39546260237693787,0.3688599169254303,0.3534676730632782,0.3443114161491394,0.27049416303634644
135,DeepLearning_grid_1_AutoML_20190421_195113_model_2,1.0,0.6622986197471619,0.6120981574058533,0.5688871145248413,0.5668377876281738,0.5471787452697754,0.5397242307662964,0.5250993371009827,0.522590160369873,0.5151377320289612,0.5012232065200806,0.4846956431865692,0.4794539511203766,0.46529293060302734,0.41275888681411743,0.395486056804657,0.37119245529174805,0.2561841309070587
136,GBM_grid_1_AutoML_20190421_193027_model_8,1.2935830826793933e+20,7.207815930341386e+19,5.598055700681982e+19,4.299944565236616e+19,3.8685019199577784e+19,3.743039726744817e+19,3.0713979911643595e+19,2.8227821393521148e+19,2.1207105398636544e+19,1.5817616058627391e+19,8.770946641524949e+18,6.996620197561893e+18,4.4415294472034714e+18,2.5274548004721787e+18,2.0496897852907192e+18,1.881561400703189e+18,1.7828028539794883e+18,1.5164629297030758e+18
137,DeepLearning_grid_1_AutoML_20190421_195113_model_6,1.0,0.7095214128494263,0.6881774067878723,0.6470710635185242,0.6349656581878662,0.6291528940200806,0.6273530721664429,0.6214500069618225,0.6165707111358643,0.6160556077957153,0.6156244277954102,0.605256199836731,0.603185772895813,0.6020583510398865,0.6006714701652527,0.5796186327934265,0.5660057067871094,0.5601018667221069
138,GBM_grid_1_AutoML_20190421_195113_model_16,5.44559898407912e+21,5.427864371696488e+21,4.776070782526132e+21,1.817860678877033e+21,1.696989272165478e+21,1.5105308181806197e+21,1.111257297079159e+21,8.99156543084704e+20,8.330789552957382e+20,6.812018836308534e+20,6.713834031244881e+20,6.12611357618559e+20,3.587231452409889e+20,2.184720456454169e+20,1.9113565330411513e+20,1.3857693921065514e+20,1.1372507151319695e+19,7.83337273555524e+18
139,GBM_grid_1_AutoML_20190421_195113_model_44,6.832846154997774e+21,5.633762191260426e+21,4.852667442038496e+21,1.6380510860545454e+21,1.3142436802214903e+21,9.976727849334336e+20,9.918306310543156e+20,8.848639474547787e+20,8.028130769499482e+20,8.028016068446472e+20,6.467280247519833e+20,6.389462971770963e+20,5.5858768941662234e+20,5.2113902706201356e+20,1.9032671181323475e+20,1.8058324438816286e+20,6.8542261849881575e+19,3.9379809530701414e+17
140,GBM_grid_1_AutoML_20190421_193027_model_1,1.1794258921013641e+20,6.257124520798821e+19,5.0748055937024524e+19,4.880727717651153e+19,2.14952346197185e+19,1.5436281236858864e+19,1.3911034308761485e+19,1.3722514244086268e+19,1.2367954401573208e+19,5.704398266297221e+18,4.818710863798075e+18,3.206361449182003e+18,2.9160648158037934e+18,2.5874273873313137e+18,1.8195751957367357e+18,1.1483089846088499e+18,1.1255798115199877e+18,1.0082217886618747e+18
141,DeepLearning_grid_1_AutoML_20190421_193027_model_2,1.0,0.9208096265792847,0.9162268042564392,0.9123388528823853,0.9073420166969299,0.8908087015151978,0.8815135955810547,0.8717778921127319,0.859717607498169,0.846998929977417,0.8387015461921692,0.8337118625640869,0.8237316012382507,0.8115488290786743,0.8029087781906128,0.797060489654541,0.7946454286575317,0.7863799929618835
142,DeepLearning_grid_1_AutoML_20190421_193852_model_5,1.0,0.5497421026229858,0.543868899345398,0.5027611255645752,0.4705007076263428,0.4483852684497833,0.441882848739624,0.4370866119861603,0.40161505341529846,0.3966090679168701,0.3912728726863861,0.36015480756759644,0.3460747301578522,0.33652421832084656,0.3202453851699829,0.3126008212566376,0.2933717668056488,0.2249060571193695
143,GBM_grid_1_AutoML_20190421_193852_model_4,2.00843697103368e+21,1.8400282406678807e+21,1.803152344706506e+21,8.643019189310886e+20,7.593206190797803e+20,6.27709464263086e+20,5.569635436166298e+20,5.2726610398630694e+20,3.9204791771180984e+20,3.68102700705546e+20,3.345175286968956e+20,2.8618892610655958e+20,1.906830063571923e+20,1.673349736983922e+20,1.5882700549921964e+20,1.3839042685421224e+20,1.1157760435787137e+19,0.0
144,GBM_grid_1_AutoML_20190421_193027_model_11,3.311176487482029e+21,2.843233345899818e+21,2.3821562234245103e+21,5.753423114834637e+20,4.84572120256323e+20,4.2532680976142696e+20,3.808511949819808e+20,3.4677857868241175e+20,2.990807439226983e+20,2.5677962889145824e+20,2.3546599181120648e+20,2.2161404525732168e+20,1.2151808667445468e+20,8.413616027760538e+19,6.849299053481768e+19,5.457446195480127e+19,1.018459698769376e+19,0.0
145,DeepLearning_grid_1_AutoML_20190421_193852_model_4,1.0,0.9311671257019043,0.9213083386421204,0.7361997961997986,0.7325340509414673,0.7057914733886719,0.5915216207504272,0.5224214196205139,0.5127957463264465,0.5099233984947205,0.49424439668655396,0.4903210699558258,0.4000294804573059,0.3698084354400635,0.25020095705986023,0.24102531373500824,0.23910918831825256,0.2156144231557846
146,GBM_grid_1_AutoML_20190421_195113_model_18,2.931933879770703e+22,1.613336541641936e+22,1.1443270602579545e+22,3.2908075507923624e+21,3.13954683895773e+21,2.881993857567759e+21,2.486711510898567e+21,1.347516837218457e+21,1.3402621011687165e+21,1.2990427648417197e+21,1.1424439504425137e+21,6.132088586253715e+20,3.8325523757369446e+20,2.329411260857398e+20,7.49377779410267e+19,6.000245619201514e+19,0.0,0.0
147,GBM_grid_1_AutoML_20190421_193852_model_19,2.261457783086144e+22,1.2680436441815984e+22,8.426292323705447e+21,3.3650080138279885e+21,2.3458942243873415e+21,2.3449970228990763e+21,1.591745074685922e+21,1.5726102650316432e+21,1.3354218574692e+21,1.3206282363807298e+21,1.1586953304353685e+21,1.1579031894821605e+21,1.1008152791306354e+21,9.888206783908602e+20,4.481622061188928e+20,3.294616047964746e+20,2.6752037975120203e+20,1.5921438543591768e+20
148,GBM_grid_1_AutoML_20190421_195113_model_34,2.567212115747917e+22,1.944528443488995e+22,1.3799900704791096e+22,3.063656118686956e+21,2.486851403961992e+21,2.333078105747752e+21,2.3146354430612047e+21,2.0614275908867163e+21,1.1466006321610883e+21,7.353129849974308e+20,6.969345052416305e+20,6.171892666397811e+20,3.518635648741781e+20,2.585818427985924e+20,1.5969430027120935e+20,7.596774765736912e+19,6.956721339515483e+19,5.1675345698422784e+17
149,XGBoost_grid_1_AutoML_20190421_193852_model_11,5.3033087390147674e+20,4.8120666469728204e+20,3.611196231927034e+20,2.5592922261807117e+20,2.31628995297431e+20,1.944218912493981e+20,1.1736860895606525e+20,9.736681239305257e+19,8.866292001790335e+19,8.749875710641413e+19,8.692172460806426e+19,8.413621305416352e+19,5.105120888498841e+19,2.2100144135879e+19,9.719209999539896e+18,8.2103386478708e+18,1.4577888660763443e+18,
150,GBM_grid_1_AutoML_20190421_193852_model_11,1.5752244920253411e+22,1.3089192151195385e+22,9.50502603165062e+21,2.402750903045499e+21,2.2874829594328113e+21,1.955504053550869e+21,1.776630224288456e+21,1.6054900607486567e+21,1.588173297968952e+21,1.3218551858042115e+21,1.1753766634551488e+21,1.0712969983229889e+21,5.4134361754965325e+20,4.108207505460387e+20,3.735070202583906e+20,3.259849666216329e+20,6.366382991250922e+19,0.0
151,GBM_grid_1_AutoML_20190421_195113_model_46,1.3839981052624833e+21,1.2714874905216533e+21,7.697466633233755e+20,2.4662958845471385e+20,1.7837472135214688e+20,1.6529658469361176e+20,1.5610512488224155e+20,1.4051325835200587e+20,1.1658710247932114e+20,1.0985018362970505e+20,9.043370548466916e+19,8.110159614587385e+19,7.742613108435819e+19,5.868078604082374e+19,3.0456030085720834e+19,1.0761481051973878e+19,4.943829239725031e+18,0.0
152,GBM_grid_1_AutoML_20190421_195113_model_26,1.1165962581424113e+22,6.907377351131035e+21,6.058529323215036e+21,1.3425099603327278e+21,1.235582964704907e+21,1.0090056008145022e+21,9.433075116628865e+20,9.27977891850015e+20,7.920425777036033e+20,7.189306487716614e+20,7.044849307544055e+20,3.5364625145480295e+20,3.494655036257196e+20,1.7719824391042656e+20,1.6088149135423072e+20,1.1802130544659215e+20,4.985966813396756e+19,0.0
153,GBM_grid_1_AutoML_20190421_193852_model_6,9.442219394197264e+21,5.252556126701557e+21,4.767079345870086e+21,1.0866667986887859e+21,1.0525732828721961e+21,7.790952213561223e+20,7.283599901227242e+20,4.454708127603297e+20,3.799746115357597e+20,3.0889964664152864e+20,2.3397039211464045e+20,1.766182823131003e+20,1.489796210311834e+20,8.348730767972919e+19,5.545965237804466e+19,4.17242892410762e+19,1.117353952715735e+19,0.0
154,GBM_grid_1_AutoML_20190421_193852_model_22,7.103410598661172e+21,5.883883107365329e+21,4.726773818054981e+21,1.433187264817554e+21,1.2463907593856662e+21,1.0753169535716263e+21,8.917509364474467e+20,8.165508150320326e+20,7.379567387161857e+20,6.681024604272046e+20,5.950495708716277e+20,5.333416709898623e+20,3.252317043995831e+20,2.991586069381309e+20,1.937047633774835e+20,8.796399126245173e+19,6.792372938465293e+19,0.0
155,GBM_grid_1_AutoML_20190421_193027_model_13,4.334795565399907e+19,4.2606849632505954e+19,2.2484293707414634e+19,1.928200787295889e+19,1.1941634161065853e+19,5.92970744028201e+18,0.0,0.0,0.0,0.0,0.0,0.0,0.0,0.0,0.0,0.0,0.0,0.0
156,GBM_grid_1_AutoML_20190421_195113_model_36,2.161625223508827e+21,1.593350748690568e+21,1.3534857955745831e+21,5.2131516002869025e+20,3.9597843428659744e+20,3.791558008285084e+20,3.764759127596183e+20,2.6873223507905767e+20,2.628394860728759e+20,2.0149190934567217e+20,1.8555884236710504e+20,1.8116304765581473e+20,9.280565992903777e+19,8.318733451939283e+19,6.357420212265943e+19,1.0931922946465202e+19,1.9438538196579779e+18,0.0
157,GBM_grid_1_AutoML_20190421_195113_model_6,1.0910293089840802e+21,9.56156844349728e+20,7.943534168936536e+20,6.414643723187499e+20,4.478736590833923e+20,4.0204080715061946e+20,3.5784585810732594e+20,3.453695501333703e+20,3.333335042073622e+20,2.8133772247513747e+20,2.453900078416522e+20,1.524434872789568e+20,1.212933992742954e+20,1.1867679029860709e+20,6.746369371959145e+19,2.959584255689307e+19,2.9312625953764016e+19,0.0
158,GBM_grid_1_AutoML_20190421_195113_model_19,1.304022338654708e+21,9.587861724759264e+20,9.490578343308527e+20,5.735959351748345e+20,3.220358375140103e+20,2.9626430530573147e+20,2.83677166559696e+20,2.7132727603465552e+20,2.6012972647208242e+20,2.0338609520144653e+20,1.7904296053904402e+20,1.56979843556742e+20,9.753850333275305e+19,7.479118225471858e+19,4.5189386941872734e+19,1.5896798488013308e+19,1.0691614784610107e+19,0.0
159,GBM_grid_1_AutoML_20190421_195113_model_47,1.3563239429491288e+20,9.254075679158095e+19,8.635307478636456e+19,5.916633037564962e+19,5.593009382115141e+19,3.1680219735016866e+19,2.7603063493456036e+19,2.7040988751290434e+19,1.4541921986151449e+19,1.3020127524565287e+19,1.2138463235112174e+19,1.0358844291928818e+19,9.689412134915539e+18,7.11126682474591e+18,9.3456172514594e+17,8.473692848321987e+17,1.5065181906272256e+17,1.231059496730624e+16
160,GBM_grid_1_AutoML_20190421_193852_model_23,1.6183327787735455e+21,7.017857264652386e+20,5.918665814662395e+20,1.751692315408078e+20,1.3317325297650814e+20,1.2777602307463945e+20,1.1109963345913761e+20,7.620030756078328e+19,6.037563043848231e+19,5.140259081099307e+19,5.080411783590157e+19,4.274674709397766e+19,2.7815823391477203e+19,1.851276534891099e+19,1.8331022673909383e+19,1.3403698752984711e+19,6.576136714530587e+18,0.0
161,GBM_grid_1_AutoML_20190421_193852_model_10,1.0085477113961382e+21,4.621638973603877e+20,4.281743161789482e+20,4.215333011315533e+20,3.4137644056063666e+20,2.591872075125668e+20,2.5845864471972335e+20,2.4585794239824763e+20,2.1977766732488927e+20,2.1958401254091234e+20,1.1765420930040332e+20,1.0195492488218044e+20,6.562196336455503e+19,5.3869318759629455e+19,4.6184330615800726e+19,4.35429562402084e+19,1.1978312769456833e+19,1.0659781723962737e+19
162,GBM_grid_1_AutoML_20190421_193852_model_24,1.0151645723720942e+20,4.1321063142798655e+19,4.1050090701156516e+19,1.5754529379960488e+19,1.572130103905747e+19,1.4578852382705189e+19,8.994508141777388e+18,8.607233758195614e+18,6.428027550466834e+18,5.112367329832862e+18,3.6289658901432893e+18,2.0383593179664876e+18,1.6898795529033482e+18,1.0848371332748411e+18,6.063867100324168e+17,3.805092259750216e+17,3.3516715315193446e+17,1.2918071061433549e+17
163,GBM_grid_1_AutoML_20190421_193027_model_12,1.782733375839729e+20,1.0820035323808763e+20,5.9932404107186274e+19,5.559524855002851e+19,5.479292172110083e+19,5.397304668659384e+19,5.336729934257298e+19,4.710976316462072e+19,4.262780192608485e+19,2.484573022355194e+19,1.121072720943199e+19,8.112980191766118e+18,3.356022573908361e+18,2.876867501151486e+18,5.782781763046605e+17,3.759855259007058e+17,1.0826019979342643e+17,0.0
164,GLM_grid_1_AutoML_20190421_193027_model_1,0.041753189335542236,0.04163643564710599,0.0337402559954679,0.03137101905102529,0.027381345783815753,0.024397458924032233,0.024300519747340665,0.02282164565148151,0.02282164564925166,0.022393722813799033,0.0210570895604752,0.0174048868611846,0.015736058954374292,0.014417769306997117,0.007399192749982091,0.0035210411863724443,0.0027857741671791043,0.0010834850824724893
165,GLM_grid_1_AutoML_20190421_193852_model_1,0.041753189335542236,0.04163643564710599,0.0337402559954679,0.03137101905102529,0.027381345783815753,0.024397458924032233,0.024300519747340665,0.02282164565148151,0.02282164564925166,0.022393722813799033,0.0210570895604752,0.0174048868611846,0.015736058954374292,0.014417769306997117,0.007399192749982091,0.0035210411863724443,0.0027857741671791043,0.0010834850824724893
166,GLM_grid_1_AutoML_20190421_195113_model_1,0.041753189335542236,0.04163643564710599,0.0337402559954679,0.03137101905102529,0.027381345783815753,0.024397458924032233,0.024300519747340665,0.02282164565148151,0.02282164564925166,0.022393722813799033,0.0210570895604752,0.0174048868611846,0.015736058954374292,0.014417769306997117,0.007399192749982091,0.0035210411863724443,0.0027857741671791043,0.0010834850824724893
167,XGBoost_grid_1_AutoML_20190421_195113_model_14,5.651207236260767e+20,4.666591934759452e+20,4.616051343472449e+20,1.238895749258931e+20,9.77304252864046e+19,9.266581084607768e+19,6.026715262128593e+19,5.7916317596263645e+19,5.063620921620064e+19,5.0339204737259274e+19,3.753309165348245e+19,3.2703656153267044e+19,2.7692112940189614e+19,2.2406263566214627e+19,1.1031178060127797e+19,5.998931043099345e+18,1.4349175123901153e+18,1.4169090237556326e+18
168,XGBoost_grid_1_AutoML_20190421_193852_model_6,4.647861886121683e+20,4.497002909447561e+20,4.11910093890281e+20,9.681435617860675e+19,5.979060668962177e+19,4.743752758086074e+19,3.318222738534957e+19,2.56459701794101e+19,1.586912707887707e+19,1.1423705910267085e+19,1.0773476723832914e+19,9.21752868230896e+18,5.235866125132104e+18,3.3310567880101724e+18,2.124148162967896e+18,2.0153929939634094e+18,1.934362972725969e+18,1.5357775694318797e+17
169,XGBoost_grid_1_AutoML_20190421_193027_model_5,5.228699926156678e+20,4.8686388951670116e+20,4.298526107275855e+20,1.1338363576937716e+20,6.695244720095468e+19,6.4067966406414565e+19,5.2982136021316534e+19,5.275545630608772e+19,3.584385696414879e+19,2.981340072365785e+19,2.6169337714231476e+19,2.333530471219698e+19,2.092343359769359e+19,8.455279601969529e+18,6.05957460692933e+18,5.980697292020122e+18,5.204011074252177e+18,6.555139890730762e+17
170,XGBoost_grid_1_AutoML_20190421_193852_model_8,3.371823930389037e+20,3.3172001927211254e+20,3.2467744498606775e+20,8.53322442106722e+19,7.635685162829952e+19,3.9740194120475345e+19,3.766321225755997e+19,3.5724905199186215e+19,2.217130013038215e+19,1.939458027145711e+19,1.73658471777918e+19,1.0687896236284969e+19,6.084968377728631e+18,5.348173541328028e+18,3.4585215217508024e+18,2.724350120094073e+18,2.552359013719212e+18,5.608961000603648e+17
171,XGBoost_grid_1_AutoML_20190421_193027_model_8,8.432731697116401e+19,3.41193785290984e+19,1.0477682807193731e+19,1.0284510708821393e+19,4.369610941386457e+18,2.01312044086775e+18,1.4861697350904054e+18,6.781319998183834e+16,,,,,,,,,,
