,model_id,mean_residual_deviance,rmse,mse,mae,rmsle,system_date,runtime
0,GBM_grid_1_AutoML_20190421_195113_model_42,25227258681084860,158830912.23400077,25227258681084860,94917617.52713808,0.3265543276671246,2019-04-21,2000
1,XGBoost_grid_1_AutoML_20190421_201138_model_4,25414913759634904,159420556.26435038,25414913759634904,94284067.45487122,0.3305880552732152,2019-04-21,2000
2,XGBoost_grid_1_AutoML_20190421_204058_model_19,25438726742009896,159495224.8251022,25438726742009896,94327564.387458,0.3292691671184692,2019-04-21,2000
3,GBM_grid_1_AutoML_20190421_193852_model_8,25571141404123644,159909791.45794562,25571141404123644,95197723.51631412,0.3294268464571294,2019-04-21,2000
4,XGBoost_grid_1_AutoML_20190421_201138_model_18,25574313885274200,159919710.74659368,25574313885274200,94348004.11287794,0.32684768058220115,2019-04-21,2000
5,GBM_grid_1_AutoML_20190421_201138_model_30,25574940112831340,159921668.67823553,25574940112831340,95259064.965172,0.3309750466372732,2019-04-21,2000
6,GBM_1_AutoML_20190421_193027,25608395790612116,160026234.69485283,25608395790612116,96819212.36758102,0.3331421052832879,2019-04-21,2000
7,XGBoost_1_AutoML_20190421_204058,25635579970684772,160111148.80196434,25635579970684772,94639270.87480403,0.3228454901010292,2019-04-21,2000
8,XGBoost_grid_1_AutoML_20190421_195113_model_6,25721725199990868,160379940.14212272,25721725199990868,93286549.80694291,0.32099876349860906,2019-04-21,2000
9,XGBoost_1_AutoML_20190421_193852,25797215186942024,160615115.06375116,25797215186942024,94810332.9899216,0.32450802399745704,2019-04-21,2000
10,XGBoost_grid_1_AutoML_20190421_195113_model_13,25849046967440812,160776388.09054273,25849046967440812,94120200.90481524,0.32159487372180073,2019-04-21,2000
11,XGBoost_grid_1_AutoML_20190421_193852_model_2,25952266820254724,161097072.6619659,25952266820254724,94894840.43001121,0.3312410095198983,2019-04-21,2000
12,GBM_1_AutoML_20190421_201138,25963443620465856,161131758.57187763,25963443620465856,96516176.1353491,0.33086824621580657,2019-04-21,2000
13,XGBoost_1_AutoML_20190421_193027,25963672277632090,161132468.10507214,25963672277632090,94764756.53930572,0.3259822280000789,2019-04-21,2000
14,GBM_grid_1_AutoML_20190421_201138_model_19,25970363141852164,161153228.76645124,25970363141852164,95752982.34404252,0.33091755591032995,2019-04-21,2000
15,XGBoost_grid_1_AutoML_20190421_193852_model_4,26041375084170424,161373402.65412518,26041375084170424,93939690.124972,0.3258318217475044,2019-04-21,2000
16,XGBoost_grid_1_AutoML_20190421_204058_model_29,26045205004588520,161385268.85868028,26045205004588520,94615734.78701007,0.3278808315124762,2019-04-21,2000
17,GBM_grid_1_AutoML_20190421_201138_model_7,26057079433860144,161422053.7406836,26057079433860144,95563903.22454259,0.3354939483453697,2019-04-21,2000
18,XGBoost_1_AutoML_20190421_201138,26076835593861196,161483236.26265728,26076835593861196,95103060.1675252,0.32402854027943123,2019-04-21,2000
19,XGBoost_1_AutoML_20190421_195113,26116389773464900,161605661.32863322,26116389773464900,94746900.30638298,0.32484088813228545,2019-04-21,2000
20,XGBoost_grid_1_AutoML_20190421_193852_model_5,26119480117433132,161615222.41866058,26119480117433132,93547247.57267638,0.32035796372325376,2019-04-21,2000
21,XGBoost_2_AutoML_20190421_193027,26134884730871340,161662873.69359532,26134884730871340,94910189.58297873,0.3257761568094641,2019-04-21,2000
22,XGBoost_grid_1_AutoML_20190421_204058_model_14,26135504407946504,161664790.25423717,26135504407946504,95473677.50503922,0.3303282271125439,2019-04-21,2000
23,GBM_grid_1_AutoML_20190421_204058_model_11,26165455161795050,161757396.00338233,26165455161795050,99271301.28916112,,2019-04-21,2000
24,XGBoost_grid_1_AutoML_20190421_204058_model_12,26172243528584828,161778377.81540778,26172243528584828,94889800.77402017,0.326154611163018,2019-04-21,2000
25,XGBoost_grid_1_AutoML_20190421_193027_model_6,26210185668222092,161895601.13919738,26210185668222092,94276247.68555433,0.32725795145226344,2019-04-21,2000
26,XGBoost_grid_1_AutoML_20190421_193027_model_4,26245533553365630,162004733.1202568,26245533553365630,94036116.99888018,0.32265116904251684,2019-04-21,2000
27,GBM_grid_1_AutoML_20190421_201138_model_1,26260930927906684,162052247.52500868,26260930927906684,95509036.69415122,0.33674449736022594,2019-04-21,2000
28,XGBoost_2_AutoML_20190421_193852,26264856485215030,162064359.08371413,26264856485215030,94315665.56237404,0.3245158988519105,2019-04-21,2000
29,GBM_1_AutoML_20190421_193852,26279155633803444,162108468.7294388,26279155633803444,97327058.64444073,0.3321160066321965,2019-04-21,2000
30,GBM_grid_1_AutoML_20190421_201138_model_11,26280860570756184,162113727.27426934,26280860570756184,96006998.59726845,0.3294813037532445,2019-04-21,2000
31,GBM_grid_1_AutoML_20190421_204058_model_43,26307391388006624,162195534.42683503,26307391388006624,98745558.02377552,0.3347128282157712,2019-04-21,2000
32,XGBoost_grid_1_AutoML_20190421_204058_model_15,26328660183193856,162261086.47236976,26328660183193856,95177338.06405374,0.32765942000462583,2019-04-21,2000
33,XGBoost_2_AutoML_20190421_204058,26359797630609300,162357006.71855617,26359797630609300,95258820.24456888,0.3276706859534677,2019-04-21,2000
34,GBM_grid_1_AutoML_20190421_193852_model_5,26397887611581510,162474267.5366826,26397887611581510,95846051.24052164,0.32871123380665457,2019-04-21,2000
35,XGBoost_grid_1_AutoML_20190421_195113_model_1,26402263640530330,162487733.81560323,26402263640530330,95196532.89854424,0.32554400482747753,2019-04-21,2000
36,XGBoost_grid_1_AutoML_20190421_201138_model_2,26440286859799770,162604695.07305062,26440286859799770,98930110.07301232,0.33520670679043635,2019-04-21,2000
37,XGBoost_grid_1_AutoML_20190421_193852_model_7,26440379055855956,162604978.57032531,26440379055855956,98378239.81724524,0.3347187320143341,2019-04-21,2000
38,XGBoost_grid_1_AutoML_20190421_204058_model_1,26447610253712296,162627212.52518687,26447610253712296,96638352.72922732,0.3412669382543156,2019-04-21,2000
39,GBM_1_AutoML_20190421_195113,26447775038675720,162627719.15843782,26447775038675720,96956870.88674594,0.3322311562364472,2019-04-21,2000
40,XGBoost_grid_1_AutoML_20190421_204058_model_23,26475566091310376,162713140.49980837,26475566091310376,94479020.28846584,0.32556811472920383,2019-04-21,2000
41,GBM_grid_1_AutoML_20190421_204058_model_57,26479647829381960,162725682.75899768,26479647829381960,97094371.53599606,0.33616472117599805,2019-04-21,2000
42,XGBoost_grid_1_AutoML_20190421_201138_model_14,26495639933799268,162774813.57322842,26495639933799268,95632507.98342665,0.33301792825257737,2019-04-21,2000
43,GBM_grid_1_AutoML_20190421_204058_model_26,26504008715356716,162800518.16673285,26504008715356716,97541188.3707431,0.3375383478396395,2019-04-21,2000
44,GBM_4_AutoML_20190421_201138,26504156699475550,162800972.66133133,26504156699475550,97110565.34403303,0.33062249811169825,2019-04-21,2000
45,XGBoost_grid_1_AutoML_20190421_201138_model_10,26550677702084350,162943786.93919063,26550677702084350,99492473.83471444,0.3384269202087183,2019-04-21,2000
46,GBM_grid_1_AutoML_20190421_195113_model_37,26551301291761244,162945700.4396288,26551301291761244,96843428.8066808,0.3296300659680566,2019-04-21,2000
47,GBM_grid_1_AutoML_20190421_204058_model_2,26561462115960570,162976876.01607957,26561462115960570,96721838.788869,0.3317113653546345,2019-04-21,2000
48,GBM_grid_1_AutoML_20190421_201138_model_51,26606986233356456,163116480.56942758,26606986233356456,97015416.964475,0.3400265905172123,2019-04-21,2000
49,GBM_grid_1_AutoML_20190421_195113_model_12,26621985891812190,163162452.45709008,26621985891812190,97371794.3463068,0.3342788432510915,2019-04-21,2000
50,XGBoost_grid_1_AutoML_20190421_204058_model_8,26661475300952436,163283420.16552824,26661475300952436,100109372.96842106,0.3397931040893074,2019-04-21,2000
51,XGBoost_grid_1_AutoML_20190421_201138_model_23,26673117576966024,163319066.7894169,26673117576966024,99051195.4212766,0.335852122791964,2019-04-21,2000
52,XRT_1_AutoML_20190421_195113,26674899457743052,163324521.9118766,26674899457743052,97339614.72715662,0.3354960267200705,2019-04-21,2000
53,XGBoost_grid_1_AutoML_20190421_193027_model_1,26686565270913868,163360231.60767698,26686565270913868,95577150.18589026,0.3336293424643191,2019-04-21,2000
54,XGBoost_2_AutoML_20190421_195113,26710943791836092,163434830.41211286,26710943791836092,95830035.92653976,0.32538455093454777,2019-04-21,2000
55,XGBoost_grid_1_AutoML_20190421_204058_model_13,26732429167294980,163500547.911299,26732429167294980,93877891.0073908,0.3297229215874509,2019-04-21,2000
56,DRF_1_AutoML_20190421_193852,26740901050850308,163526453.67294648,26740901050850308,98123769.62061173,0.3381709947649401,2019-04-21,2000
57,GBM_grid_1_AutoML_20190421_195113_model_3,26754003456648976,163566510.80416486,26754003456648976,96901718.85117762,0.3482966745858672,2019-04-21,2000
58,XGBoost_grid_1_AutoML_20190421_201138_model_25,26769042509172504,163612476.63052016,26769042509172504,95718887.16954088,0.33300479668449895,2019-04-21,2000
59,XGBoost_grid_1_AutoML_20190421_201138_model_21,26776028754850630,163633825.21609226,26776028754850630,95528928.21500559,0.3266141279642094,2019-04-21,2000
60,XGBoost_2_AutoML_20190421_201138,26781426635620020,163650318.1653492,26781426635620020,95644628.01612544,0.325966382352594,2019-04-21,2000
61,XRT_1_AutoML_20190421_193852,26800758131434212,163709370.93347532,26800758131434212,97507679.0992101,0.3355553951861386,2019-04-21,2000
62,GBM_grid_1_AutoML_20190421_204058_model_44,26841059920457620,163832414.1324226,26841059920457620,96929540.23424621,0.32877559127123623,2019-04-21,2000
63,GBM_grid_1_AutoML_20190421_193852_model_18,26851196304206972,163863346.43295607,26851196304206972,97276308.73585878,0.33903167082554625,2019-04-21,2000
64,XGBoost_grid_1_AutoML_20190421_195113_model_7,26881414923038828,163955527.27199784,26881414923038828,94850248.69787234,0.3319173720441723,2019-04-21,2000
65,GBM_3_AutoML_20190421_195113,26897628337351956,164004964.36800918,26897628337351956,98761895.48653723,0.3346352072865905,2019-04-21,2000
66,GBM_grid_1_AutoML_20190421_201138_model_5,26954817103445630,164179222.50834796,26954817103445630,99668129.72840406,0.3412288533485873,2019-04-21,2000
67,GBM_grid_1_AutoML_20190421_195113_model_21,26968696030774370,164221484.68082482,26968696030774370,97679785.83315656,0.34760367168483985,2019-04-21,2000
68,GBM_grid_1_AutoML_20190421_204058_model_9,26972520999705668,164233130.03077567,26972520999705668,98318634.58270667,0.36314465934546175,2019-04-21,2000
69,GBM_grid_1_AutoML_20190421_195113_model_43,26996898173258790,164307328.42225507,26996898173258790,97696501.09934342,0.3385149190944335,2019-04-21,2000
70,GBM_3_AutoML_20190421_201138,26997948597426076,164310524.91373178,26997948597426076,98509510.8784,0.3327481624497605,2019-04-21,2000
71,GBM_4_AutoML_20190421_193027,27007662534862990,164340081.94857088,27007662534862990,97393457.22641207,0.3312914754145201,2019-04-21,2000
72,GBM_grid_1_AutoML_20190421_201138_model_26,27028741039255700,164404200.18739092,27028741039255700,98790857.34436391,0.3414104880947049,2019-04-21,2000
73,XGBoost_grid_1_AutoML_20190421_204058_model_4,27044913692896900,164453378.47820854,27044913692896900,94435994.43225084,0.3218908200361242,2019-04-21,2000
74,GBM_2_AutoML_20190421_201138,27044925139717820,164453413.28083715,27044925139717820,99409985.70096678,0.3349279005391009,2019-04-21,2000
75,GBM_4_AutoML_20190421_195113,27074754873791588,164544081.85587102,27074754873791588,97746910.73060709,0.33023946737413834,2019-04-21,2000
76,XRT_1_AutoML_20190421_204058,27076449205027720,164549230.33860633,27076449205027720,98320007.87458009,0.3371065274485402,2019-04-21,2000
77,XGBoost_grid_1_AutoML_20190421_204058_model_6,27108987498344932,164648071.65085456,27108987498344932,93430810.11601344,0.3226087056035736,2019-04-21,2000
78,XGBoost_grid_1_AutoML_20190421_201138_model_8,27110711837044396,164653308.00516698,27110711837044396,96430777.26047032,0.32915182638190044,2019-04-21,2000
79,GBM_2_AutoML_20190421_195113,27168322631996316,164828160.91917157,27168322631996316,99839915.38183944,0.3364256346015799,2019-04-21,2000
80,XGBoost_grid_1_AutoML_20190421_204058_model_28,27179370693368204,164861671.38958707,27179370693368204,97179616.89899217,0.3386117547854332,2019-04-21,2000
81,XGBoost_grid_1_AutoML_20190421_204058_model_16,27190576736213420,164895654.08528334,27190576736213420,95427216.64456888,0.33054579805188755,2019-04-21,2000
82,DRF_1_AutoML_20190421_195113,27208563320183270,164950184.35934916,27208563320183270,99406448.30331524,0.33806333010629924,2019-04-21,2000
83,XGBoost_grid_1_AutoML_20190421_195113_model_2,27213927496490508,164966443.54683322,27213927496490508,100363822.69921613,0.33777746022257593,2019-04-21,2000
84,XGBoost_grid_1_AutoML_20190421_204058_model_5,27219140040015332,164982241.58986118,27219140040015332,93958174.656215,0.323295764032842,2019-04-21,2000
85,GBM_4_AutoML_20190421_193852,27249419765676480,165073982.70374554,27249419765676480,98502566.73291816,0.3328970479644612,2019-04-21,2000
86,GBM_grid_1_AutoML_20190421_195113_model_1,27313380375151132,165267602.31561154,27313380375151132,98805541.6198987,0.3352877719111742,2019-04-21,2000
87,GBM_3_AutoML_20190421_204058,27322174751437356,165294206.64813802,27322174751437356,99445913.24279952,0.33442507203380994,2019-04-21,2000
88,XGBoost_grid_1_AutoML_20190421_195113_model_12,27340805403037500,165350553.0775071,27340805403037500,100353150.8774916,0.3412700636049968,2019-04-21,2000
89,GBM_grid_1_AutoML_20190421_193027_model_2,27388079208336188,165493441.58707982,27388079208336188,98562865.55332977,0.336311590042542,2019-04-21,2000
90,XGBoost_grid_1_AutoML_20190421_201138_model_1,27404219444095748,165542198.37882948,27404219444095748,96023227.5762598,0.3260053792277379,2019-04-21,2000
91,GBM_3_AutoML_20190421_193852,27418320451079012,165584783.27152833,27418320451079012,99587680.72650307,0.33538926428496274,2019-04-21,2000
92,XGBoost_grid_1_AutoML_20190421_193852_model_10,27419574434052736,165588569.75664935,27419574434052736,96152521.0956327,0.32640355785193,2019-04-21,2000
93,GBM_4_AutoML_20190421_204058,27460893633604108,165713287.43828633,27460893633604108,98118700.03232342,0.3325045185737349,2019-04-21,2000
94,GBM_grid_1_AutoML_20190421_201138_model_16,27480846605509372,165773479.8015333,27480846605509372,100251504.14712696,0.34622829065515776,2019-04-21,2000
95,GBM_1_AutoML_20190421_204058,27487466060243188,165793443.96037856,27487466060243188,98476117.49157266,0.336222196535323,2019-04-21,2000
96,GBM_grid_1_AutoML_20190421_201138_model_33,27500429113770068,165832533.33942068,27500429113770068,99094372.77346472,0.3406753116908627,2019-04-21,2000
97,GBM_grid_1_AutoML_20190421_195113_model_32,27506839385968730,165851859.7603558,27506839385968730,99114755.59752412,0.35026777925846875,2019-04-21,2000
98,GBM_grid_1_AutoML_20190421_193852_model_15,27507817383138616,165854808.13994697,27507817383138616,97947971.33540766,0.3302751494734535,2019-04-21,2000
99,DRF_1_AutoML_20190421_201138,27538943204486468,165948616.15719026,27538943204486468,99649544.05235484,0.33965199619778536,2019-04-21,2000
100,GBM_grid_1_AutoML_20190421_204058_model_14,27546213411296920,165970519.70544925,27546213411296920,98239510.49212116,0.33422519683575536,2019-04-21,2000
101,GBM_2_AutoML_20190421_193027,27583374052185924,166082431.49769312,27583374052185924,101012846.90034136,0.3388681406396465,2019-04-21,2000
102,XGBoost_grid_1_AutoML_20190421_195113_model_4,27612081448224204,166168834.166411,27612081448224204,96129250.03449048,0.3391486676396082,2019-04-21,2000
103,GBM_3_AutoML_20190421_193027,27664062115152828,166325169.8184999,27664062115152828,99311822.14091992,0.33381452374477977,2019-04-21,2000
104,XGBoost_grid_1_AutoML_20190421_193027_model_2,27678389956980028,166368236.0217239,27678389956980028,97946028.47928332,0.32966277380840164,2019-04-21,2000
105,XGBoost_grid_1_AutoML_20190421_201138_model_19,27698334005133900,166428164.69916955,27698334005133900,96297416.31354985,0.3244600156441625,2019-04-21,2000
106,XGBoost_grid_1_AutoML_20190421_201138_model_24,27743023693091650,166562371.78033835,27743023693091650,96177647.2362822,0.3382207108439227,2019-04-21,2000
107,GBM_grid_1_AutoML_20190421_204058_model_53,27754287781167536,166596181.772475,27754287781167536,99776408.8055961,0.3585451207494131,2019-04-21,2000
108,GBM_grid_1_AutoML_20190421_193852_model_7,27797080832182332,166724565.7729608,27797080832182332,100784946.62844037,0.35029267343570797,2019-04-21,2000
109,GBM_2_AutoML_20190421_193852,27812828429957544,166771785.47331542,27812828429957544,100681017.58989777,0.33896955154256136,2019-04-21,2000
110,XGBoost_grid_1_AutoML_20190421_204058_model_27,27842296472096044,166860110.48808533,27842296472096044,95872480.3162374,0.33518041018742145,2019-04-21,2000
111,GBM_2_AutoML_20190421_204058,27866748172534444,166933364.4677853,27866748172534444,100582811.90229572,0.3379926852648215,2019-04-21,2000
112,XGBoost_grid_1_AutoML_20190421_204058_model_2,27885016330575610,166988072.42008516,27885016330575610,97335407.756327,0.3277923538794265,2019-04-21,2000
113,XRT_1_AutoML_20190421_201138,27927396426327524,167114919.81964844,27927396426327524,99210401.84798452,0.3403288637251221,2019-04-21,2000
114,XRT_1_AutoML_20190421_193027,27932997379142360,167131676.76757857,27932997379142360,99459972.8864157,0.33818160810970993,2019-04-21,2000
115,XGBoost_grid_1_AutoML_20190421_193027_model_3,27953486006755252,167192960.39832315,27953486006755252,98370607.3961926,0.3315897108850539,2019-04-21,2000
116,DRF_1_AutoML_20190421_193027,28016822318871584,167382264.05109826,28016822318871584,99031387.1455244,0.3408470418439786,2019-04-21,2000
117,GBM_grid_1_AutoML_20190421_195113_model_5,28082567727412210,167578541.96588597,28082567727412210,98942788.15666255,0.3392788049586035,2019-04-21,2000
118,XGBoost_grid_1_AutoML_20190421_201138_model_5,28112443179696212,167667656.92791265,28112443179696212,98762892.27592383,0.33449358769609144,2019-04-21,2000
119,XGBoost_grid_1_AutoML_20190421_204058_model_25,28126786790540890,167710425.4080255,28126786790540890,102369994.59350504,0.3426296054390996,2019-04-21,2000
120,GBM_grid_1_AutoML_20190421_193027_model_6,28134553045982250,167733577.57462353,28134553045982250,100545795.54841888,0.3410622703819653,2019-04-21,2000
121,GBM_grid_1_AutoML_20190421_195113_model_45,28136858131673456,167740448.70475772,28136858131673456,99070259.345193,0.34488435370655723,2019-04-21,2000
122,GBM_grid_1_AutoML_20190421_195113_model_31,28142525249378444,167757340.37406066,28142525249378444,103090799.0245553,0.3464363719865458,2019-04-21,2000
123,XGBoost_grid_1_AutoML_20190421_193852_model_1,28151999485235524,167785575.91531974,28151999485235524,97642684.97827548,0.3289291112922155,2019-04-21,2000
124,GBM_grid_1_AutoML_20190421_195113_model_38,28158518030205416,167805000.01551032,28158518030205416,101193936.54651748,0.3410475675917061,2019-04-21,2000
125,GBM_grid_1_AutoML_20190421_193852_model_16,28185621089782890,167885738.19649747,28185621089782890,101147494.05638872,0.3381587959483219,2019-04-21,2000
126,GBM_grid_1_AutoML_20190421_201138_model_49,28212598903447596,167966064.73763558,28212598903447596,99271637.973952,0.3499008941070819,2019-04-21,2000
127,XGBoost_grid_1_AutoML_20190421_204058_model_32,28245188085541040,168063047.94790864,28245188085541040,96063714.62038074,0.32443311232275,2019-04-21,2000
128,DRF_1_AutoML_20190421_204058,28246104170836650,168065773.34733164,28246104170836650,99366767.2903928,0.3400797029136696,2019-04-21,2000
129,XGBoost_grid_1_AutoML_20190421_201138_model_11,28254167162284720,168089759.24274722,28254167162284720,96862276.61455768,0.3259298855499593,2019-04-21,2000
130,XGBoost_3_AutoML_20190421_193027,28277404641281270,168158867.26926202,28277404641281270,102986364.77849944,0.3448139231128953,2019-04-21,2000
131,GBM_grid_1_AutoML_20190421_204058_model_41,28346562463710876,168364374.0929502,28346562463710876,101094389.29575662,0.340919221251663,2019-04-21,2000
132,GBM_grid_1_AutoML_20190421_195113_model_8,28356107326233130,168392717.5570046,28356107326233130,101129163.15747234,0.3452682166004931,2019-04-21,2000
133,XGBoost_3_AutoML_20190421_204058,28439556105069104,168640315.77611893,28439556105069104,103230268.62799552,0.3465758185194557,2019-04-21,2000
134,GBM_grid_1_AutoML_20190421_204058_model_42,28558190265497570,168991686.97157142,28558190265497570,100124895.11648141,0.3544400269585122,2019-04-21,2000
135,XGBoost_grid_1_AutoML_20190421_195113_model_11,28562938668398260,169005735.6079913,28562938668398260,103300003.21433371,0.3446326509667765,2019-04-21,2000
136,XGBoost_grid_1_AutoML_20190421_195113_model_5,28576817075929876,169046789.60551092,28576817075929876,98018865.74064948,0.3421485698015463,2019-04-21,2000
137,GBM_grid_1_AutoML_20190421_204058_model_16,28661172166170110,169296107.94749567,28661172166170110,102353497.01192322,0.3415004411735449,2019-04-21,2000
138,XGBoost_grid_1_AutoML_20190421_204058_model_11,28687050285923490,169372519.27607232,28687050285923490,97937947.85397536,0.3356250767445691,2019-04-21,2000
139,GBM_grid_1_AutoML_20190421_204058_model_29,28693589581668276,169391822.6528904,28693589581668276,102550710.16996785,0.3503736401382528,2019-04-21,2000
140,XGBoost_3_AutoML_20190421_195113,28756216106456244,169576578.88534093,28756216106456244,103889486.43135498,0.3487607055112712,2019-04-21,2000
141,XGBoost_3_AutoML_20190421_201138,28764294158928492,169600395.51524782,28764294158928492,103930689.856215,0.3471102392177405,2019-04-21,2000
142,GBM_grid_1_AutoML_20190421_204058_model_30,28858259328576576,169877188.95889634,28858259328576576,100528668.95980844,0.35213334258019,2019-04-21,2000
143,GBM_grid_1_AutoML_20190421_195113_model_14,28866772916312256,169902245.17737326,28866772916312256,100681943.97256438,0.3572047721776045,2019-04-21,2000
144,XGBoost_3_AutoML_20190421_193852,28885997592958524,169958811.46018443,28885997592958524,103392672.50167972,0.3469717034470748,2019-04-21,2000
145,GBM_grid_1_AutoML_20190421_195113_model_10,28932113478039950,170094425.18213215,28932113478039950,105261982.94006816,0.3527254622871051,2019-04-21,2000
146,XGBoost_grid_1_AutoML_20190421_193852_model_3,28939752817875344,170116879.87344274,28939752817875344,98972962.58544232,0.3311129575530889,2019-04-21,2000
147,XGBoost_grid_1_AutoML_20190421_195113_model_3,28945757502373804,170134527.66083023,28945757502373804,97559443.37110862,0.3278449842170506,2019-04-21,2000
148,GBM_grid_1_AutoML_20190421_195113_model_24,28978204936819600,170229859.12236315,28978204936819600,100947139.68458062,0.3401385093351456,2019-04-21,2000
149,XGBoost_grid_1_AutoML_20190421_201138_model_3,29073855696088090,170510573.56096157,29073855696088090,96563668.48734602,0.3245355396266236,2019-04-21,2000
150,XGBoost_grid_1_AutoML_20190421_201138_model_9,29173432033831710,170802318.58447272,29173432033831710,99188848.43538634,0.33170796056948193,2019-04-21,2000
151,GBM_grid_1_AutoML_20190421_195113_model_33,29181225186454360,170825130.43008152,29181225186454360,102385494.3591766,0.3421846650988194,2019-04-21,2000
152,XGBoost_grid_1_AutoML_20190421_204058_model_30,29194776396170524,170864789.80811268,29194776396170524,100307361.37961926,0.3483013566652906,2019-04-21,2000
153,GBM_grid_1_AutoML_20190421_201138_model_37,29292380923104864,171150170.67798927,29292380923104864,103124336.65014876,0.3822376577113299,2019-04-21,2000
154,XGBoost_grid_1_AutoML_20190421_204058_model_26,29344500387179024,171302365.3869935,29344500387179024,103268233.25599104,0.3440397309447568,2019-04-21,2000
155,GBM_grid_1_AutoML_20190421_195113_model_41,29363016109122984,171356400.84082934,29363016109122984,103136021.68888365,,2019-04-21,2000
156,XGBoost_grid_1_AutoML_20190421_201138_model_22,29391895309936544,171440646.6096548,29391895309936544,105266184.93706606,0.3485178593034265,2019-04-21,2000
157,GBM_grid_1_AutoML_20190421_193852_model_20,29422910103265144,171531076.20272526,29422910103265144,103225153.25718318,0.3443803378738321,2019-04-21,2000
158,GBM_grid_1_AutoML_20190421_204058_model_54,29437366705145176,171573210.91926086,29437366705145176,102562645.56181802,0.3428166063723517,2019-04-21,2000
159,XGBoost_grid_1_AutoML_20190421_193852_model_9,29523497473880540,171824030.54835066,29523497473880540,101114085.57222845,2.1711774175615197,2019-04-21,2000
160,XGBoost_grid_1_AutoML_20190421_204058_model_31,29590783125750310,172019717.25866285,29590783125750310,105038688.99440087,0.34953557895504184,2019-04-21,2000
161,XGBoost_grid_1_AutoML_20190421_195113_model_10,29604426024570210,172059367.73268175,29604426024570210,104737106.58544232,0.34698622529037665,2019-04-21,2000
162,GBM_grid_1_AutoML_20190421_204058_model_38,29707536749969560,172358744.33857298,29707536749969560,101695923.21068954,0.339246748012701,2019-04-21,2000
163,XGBoost_grid_1_AutoML_20190421_204058_model_9,29731745819206116,172428958.76043013,29731745819206116,100605626.60694288,0.3358650641077817,2019-04-21,2000
164,XGBoost_grid_1_AutoML_20190421_204058_model_21,29798428461650980,172622213.11769518,29798428461650980,104925098.29160134,0.34825276715591635,2019-04-21,2000
165,XGBoost_grid_1_AutoML_20190421_204058_model_18,29847089862596010,172763103.30216926,29847089862596010,104779338.85778277,0.3478351701917308,2019-04-21,2000
166,GBM_grid_1_AutoML_20190421_204058_model_21,30114120548341396,173534205.70118558,30114120548341396,108112683.12142164,0.3617116920167627,2019-04-21,2000
167,GBM_grid_1_AutoML_20190421_201138_model_53,30162818487464012,173674461.2413236,30162818487464012,107574443.69216274,,2019-04-21,2000
168,GBM_grid_1_AutoML_20190421_201138_model_39,30167782571269790,173688751.99986264,30167782571269790,103623673.57494532,0.36020798309642604,2019-04-21,2000
169,GBM_grid_1_AutoML_20190421_204058_model_20,30173690994118036,173705759.8184874,30173690994118036,104443104.43984409,0.3475891014508893,2019-04-21,2000
170,XGBoost_grid_1_AutoML_20190421_201138_model_15,30177119049948030,173715626.95954567,30177119049948030,99800327.27166854,0.3331787934400393,2019-04-21,2000
171,GBM_grid_1_AutoML_20190421_195113_model_15,30204265593935040,173793744.4039199,30204265593935040,107702045.30852216,0.35897150915266224,2019-04-21,2000
172,XGBoost_grid_1_AutoML_20190421_195113_model_9,30212997421749496,173818863.82596537,30212997421749496,99018356.70235164,0.330109475088102,2019-04-21,2000
173,XGBoost_grid_1_AutoML_20190421_193027_model_7,30221592374024116,173843585.94444638,30221592374024116,100653351.80111982,0.3334617282611888,2019-04-21,2000
174,GBM_grid_1_AutoML_20190421_193027_model_5,30326662038471210,174145519.7197769,30326662038471210,105627531.44532976,0.3931418050179547,2019-04-21,2000
175,GBM_grid_1_AutoML_20190421_193852_model_12,30474929865168812,174570701.62306392,30474929865168812,109249906.29225989,,2019-04-21,2000
176,GBM_grid_1_AutoML_20190421_201138_model_57,30511173650424364,174674479.10448843,30511173650424364,108577939.85389459,0.3609438230896187,2019-04-21,2000
177,GBM_grid_1_AutoML_20190421_195113_model_20,30566762398869428,174833527.67381155,30566762398869428,108465701.75349893,,2019-04-21,2000
178,GBM_grid_1_AutoML_20190421_204058_model_45,30612893726512956,174965407.22815168,30612893726512956,104049100.32249421,0.34740029949450946,2019-04-21,2000
179,GBM_grid_1_AutoML_20190421_193852_model_13,30619632271711468,174984662.9613906,30619632271711468,105414169.10187142,0.38647636218648096,2019-04-21,2000
180,GBM_grid_1_AutoML_20190421_195113_model_25,30823244061926404,175565497.92577812,30823244061926404,106993540.34280191,0.3787217801921676,2019-04-21,2000
181,GBM_grid_1_AutoML_20190421_204058_model_19,30917232024790410,175832966.2628439,30917232024790410,109573212.15621828,,2019-04-21,2000
182,GBM_grid_1_AutoML_20190421_204058_model_8,30975645703262864,175998993.47230047,30975645703262864,112038196.14038701,,2019-04-21,2000
183,GBM_grid_1_AutoML_20190421_204058_model_35,30991457427599828,176043907.6696488,30991457427599828,107385975.60346046,0.35628061146979545,2019-04-21,2000
184,GBM_grid_1_AutoML_20190421_193027_model_3,31000459976176770,176069474.85630998,31000459976176770,109830366.99763626,,2019-04-21,2000
185,GBM_grid_1_AutoML_20190421_201138_model_59,31094192379857284,176335454.1204272,31094192379857284,110259295.77282465,,2019-04-21,2000
186,GBM_grid_1_AutoML_20190421_195113_model_2,31109443734604936,176378694.10618997,31109443734604936,106373070.29585846,0.3805359039580692,2019-04-21,2000
187,GBM_grid_1_AutoML_20190421_201138_model_60,31216947608392356,176683184.28303343,31216947608392356,111619781.19354041,,2019-04-21,2000
188,GBM_grid_1_AutoML_20190421_195113_model_22,31237843062478840,176742306.94001603,31237843062478840,109242834.67195524,0.3823625230994893,2019-04-21,2000
189,GBM_grid_1_AutoML_20190421_195113_model_40,31256665627915556,176795547.53419432,31256665627915556,107833242.30769792,0.38992321021550297,2019-04-21,2000
190,GBM_grid_1_AutoML_20190421_201138_model_3,31262873159638844,176813102.34153703,31262873159638844,110075534.80411328,,2019-04-21,2000
191,XGBoost_grid_1_AutoML_20190421_195113_model_15,31348132027122396,177054037.02576905,31348132027122396,101717395.09608065,0.3457148956441133,2019-04-21,2000
192,GBM_grid_1_AutoML_20190421_201138_model_41,31362078659930020,177093417.88990924,31362078659930020,105349749.40115432,0.34803142743600607,2019-04-21,2000
193,GBM_grid_1_AutoML_20190421_204058_model_18,31459336594723540,177367800.3323138,31459336594723540,112256639.40075679,,2019-04-21,2000
194,XGBoost_grid_1_AutoML_20190421_195113_model_8,31519036505430092,177536014.67147473,31519036505430092,98172094.44389698,0.3295501968258569,2019-04-21,2000
195,GBM_grid_1_AutoML_20190421_201138_model_4,31565590151195684,177667076.72271666,31565590151195684,111064449.72264856,0.3676870754081821,2019-04-21,2000
196,GBM_grid_1_AutoML_20190421_204058_model_15,31728464701106660,178124857.05568063,31728464701106660,109464307.15871778,,2019-04-21,2000
197,GBM_grid_1_AutoML_20190421_195113_model_11,31744644688717292,178170268.81249657,31744644688717292,112300720.34336962,0.3726574919968835,2019-04-21,2000
198,DeepLearning_grid_1_AutoML_20190421_204058_model_1,31761226397211816,178216796.05809274,31761226397211816,119526168.76055366,,2019-04-21,2000
199,GBM_grid_1_AutoML_20190421_195113_model_27,31777206021995948,178261622.40369055,31777206021995948,112464778.95396304,,2019-04-21,2000
200,GBM_grid_1_AutoML_20190421_201138_model_29,31879290084104028,178547724.94799262,31879290084104028,113478948.79063188,,2019-04-21,2000
201,GBM_grid_1_AutoML_20190421_204058_model_36,31894855309106428,178591308.0446706,31894855309106428,108489234.84953187,0.3792434795233274,2019-04-21,2000
202,GBM_grid_1_AutoML_20190421_195113_model_30,31953643012134644,178755819.5196303,31953643012134644,107807527.19272016,0.3885508702092354,2019-04-21,2000
203,GBM_grid_1_AutoML_20190421_204058_model_12,32053396547326372,179034623.87852907,32053396547326372,112656643.93250877,,2019-04-21,2000
204,GBM_grid_1_AutoML_20190421_195113_model_4,32087579930848390,179130064.28527957,32087579930848390,107986003.67501745,0.3589515537439861,2019-04-21,2000
205,GBM_grid_1_AutoML_20190421_193852_model_17,32114681272632548,179205695.42465034,32114681272632548,108556100.5826916,0.3779122020051669,2019-04-21,2000
206,GBM_grid_1_AutoML_20190421_204058_model_4,32155700798358856,179320107.06654972,32155700798358856,112704797.93386884,0.40386912167515737,2019-04-21,2000
207,DeepLearning_grid_1_AutoML_20190421_201138_model_4,32333861864791044,179816189.106518,32333861864791044,110609367.85223874,0.3717588262148578,2019-04-21,2000
208,GBM_grid_1_AutoML_20190421_193027_model_7,32344904736735096,179846892.48562258,32344904736735096,108877347.5101598,0.3771165089819253,2019-04-21,2000
209,GBM_grid_1_AutoML_20190421_204058_model_3,32355470101770130,179876263.30833685,32355470101770130,113509894.4042116,,2019-04-21,2000
210,GBM_grid_1_AutoML_20190421_195113_model_23,32403374842699490,180009374.31894898,32403374842699490,112876201.14740288,0.3947535975734609,2019-04-21,2000
211,GBM_grid_1_AutoML_20190421_204058_model_50,32418751667537750,180052080.43101794,32418751667537750,110560103.09348786,0.4228408307861718,2019-04-21,2000
212,GBM_grid_1_AutoML_20190421_201138_model_10,32555659359812660,180431869.02488336,32555659359812660,109361071.98461294,0.39187827534131175,2019-04-21,2000
213,XGBoost_grid_1_AutoML_20190421_204058_model_22,32560620820971052,180445617.3504113,32560620820971052,107810147.83157894,0.3546910525951642,2019-04-21,2000
214,GBM_grid_1_AutoML_20190421_201138_model_45,32729573353204636,180913165.22908065,32729573353204636,110555202.42929424,0.3845836303551758,2019-04-21,2000
215,XGBoost_grid_1_AutoML_20190421_201138_model_7,32777774929665828,181046333.65430468,32777774929665828,105288175.12206048,3.0536634885824885,2019-04-21,2000
216,DeepLearning_grid_1_AutoML_20190421_201138_model_2,32786781740283816,181071206.27058244,32786781740283816,118936324.25207023,,2019-04-21,2000
217,GBM_grid_1_AutoML_20190421_201138_model_31,32951729057476150,181526111.22776842,32951729057476150,117366927.42879868,,2019-04-21,2000
218,GBM_grid_1_AutoML_20190421_204058_model_33,33095213301957884,181920898.4750182,33095213301957884,117633877.97596934,,2019-04-21,2000
219,DeepLearning_grid_1_AutoML_20190421_204058_model_4,33216143071742224,182252964.50741816,33216143071742224,119015442.51996192,0.4249846059236199,2019-04-21,2000
220,DeepLearning_grid_1_AutoML_20190421_204058_model_2,33218352380829244,182259025.5126732,33218352380829244,112966712.32132266,,2019-04-21,2000
221,XGBoost_grid_1_AutoML_20190421_201138_model_26,33228971965812104,182288156.4057635,33228971965812104,102046688.60918254,0.3347704136629638,2019-04-21,2000
222,GBM_grid_1_AutoML_20190421_201138_model_55,33397658603655004,182750262.93730745,33397658603655004,113023357.90028933,0.3884938094138353,2019-04-21,2000
223,DeepLearning_grid_1_AutoML_20190421_195113_model_1,33523397189669604,183093957.27240592,33523397189669604,116057866.68198672,,2019-04-21,2000
224,GBM_grid_1_AutoML_20190421_193027_model_10,33524110504641880,183095905.20992512,33524110504641880,116694037.04303204,,2019-04-21,2000
225,GBM_grid_1_AutoML_20190421_201138_model_18,33561416281945644,183197751.8474112,33561416281945644,116151668.61769211,,2019-04-21,2000
226,GBM_grid_1_AutoML_20190421_201138_model_50,33575021424561964,183234880.48011482,33575021424561964,110921633.28249936,,2019-04-21,2000
227,GBM_grid_1_AutoML_20190421_201138_model_22,33597717476464304,183296801.59911218,33597717476464304,109458196.43195279,0.3731226897367027,2019-04-21,2000
228,GBM_grid_1_AutoML_20190421_204058_model_52,33671523513468560,183498020.46198907,33671523513468560,113038591.627026,0.3912793138223109,2019-04-21,2000
229,GBM_grid_1_AutoML_20190421_195113_model_17,33781611580671870,183797746.3971522,33781611580671870,116635230.02454652,,2019-04-21,2000
230,GBM_grid_1_AutoML_20190421_201138_model_17,33784509720210544,183805630.27342373,33784509720210544,110828932.467576,0.38161555719554796,2019-04-21,2000
231,GBM_grid_1_AutoML_20190421_204058_model_31,33812593223567616,183882008.9719699,33812593223567616,113540743.56181741,,2019-04-21,2000
232,GBM_grid_1_AutoML_20190421_193852_model_3,33999501737146870,184389538.03604716,33999501737146870,116637095.52664834,0.4056652556790789,2019-04-21,2000
233,GBM_grid_1_AutoML_20190421_201138_model_35,34001115859899532,184393914.92101777,34001115859899532,108526011.94278142,,2019-04-21,2000
234,GBM_grid_1_AutoML_20190421_193852_model_14,34040942718537708,184501877.27645943,34040942718537708,111253956.20000891,0.3630153994697393,2019-04-21,2000
235,GBM_grid_1_AutoML_20190421_201138_model_27,34050919272112628,184528911.75128257,34050919272112628,115487600.54466549,0.4082395034011212,2019-04-21,2000
236,GBM_5_AutoML_20190421_193027,34108814013565956,184685716.86399025,34108814013565956,110479219.98152792,0.3600436406456561,2019-04-21,2000
237,XGBoost_grid_1_AutoML_20190421_201138_model_20,34162469450366988,184830921.2506581,34162469450366988,106294150.11422172,3.043135526536996,2019-04-21,2000
238,GBM_5_AutoML_20190421_204058,34173197580071456,184859940.4415988,34173197580071456,110564373.36358944,0.3615993794350905,2019-04-21,2000
239,GBM_5_AutoML_20190421_201138,34277011128130296,185140517.2514388,34277011128130296,110836878.53580548,0.3608117611095077,2019-04-21,2000
240,GBM_grid_1_AutoML_20190421_204058_model_47,34314249787056096,185241058.5886836,34314249787056096,111731470.40912454,0.3909513744602424,2019-04-21,2000
241,GBM_5_AutoML_20190421_193852,34321046423633780,185259403.06401125,34321046423633780,110900073.81838158,0.3627046067492603,2019-04-21,2000
242,GBM_grid_1_AutoML_20190421_201138_model_44,34325749480668350,185272095.79607052,34325749480668350,113610187.1602296,,2019-04-21,2000
243,GBM_grid_1_AutoML_20190421_201138_model_13,34350328100894064,185338415.0706325,34350328100894064,112394575.42484082,0.3715541825698713,2019-04-21,2000
244,GBM_grid_1_AutoML_20190421_195113_model_29,34373916476215524,185402040.10801908,34373916476215524,115477725.77912788,0.4005191711322538,2019-04-21,2000
245,GBM_5_AutoML_20190421_195113,34410929588042264,185501831.76465476,34410929588042264,110994058.43797944,0.35990657216194344,2019-04-21,2000
246,GBM_grid_1_AutoML_20190421_204058_model_51,34423357195026810,185535326.00296584,34423357195026810,111505045.71065728,0.36393071694234747,2019-04-21,2000
247,DeepLearning_grid_1_AutoML_20190421_195113_model_4,34439814912566804,185579672.68148416,34439814912566804,112260669.32961728,0.3747903099812208,2019-04-21,2000
248,XGBoost_grid_1_AutoML_20190421_204058_model_3,34451855835676116,185612111.23112658,34451855835676116,109942762.68768196,3.0505485152052154,2019-04-21,2000
249,GBM_grid_1_AutoML_20190421_201138_model_48,34551047332782970,185879120.2173686,34551047332782970,113190864.3733456,0.3676041495372585,2019-04-21,2000
250,DeepLearning_grid_1_AutoML_20190421_201138_model_1,34669037005639716,186196232.52267945,34669037005639716,114938036.34664504,0.3933012204208615,2019-04-21,2000
251,GBM_grid_1_AutoML_20190421_201138_model_34,34750704822123452,186415409.2936618,34750704822123452,111453565.37533715,0.3620109605404327,2019-04-21,2000
252,GBM_grid_1_AutoML_20190421_204058_model_6,34763812945197520,186450564.34668556,34763812945197520,119324954.76064041,,2019-04-21,2000
253,GBM_grid_1_AutoML_20190421_204058_model_13,34861162972109668,186711443.06686097,34861162972109668,115500261.52679189,0.37617930017557705,2019-04-21,2000
254,GBM_grid_1_AutoML_20190421_195113_model_28,34920898604816144,186871342.3851184,34920898604816144,115047117.98977126,0.4164659723473126,2019-04-21,2000
255,GBM_grid_1_AutoML_20190421_193852_model_9,35031886078541972,187168069.0677285,35031886078541972,115726848.8384715,0.40751538462957976,2019-04-21,2000
256,GBM_grid_1_AutoML_20190421_201138_model_42,35077797309632560,187290675.98156765,35077797309632560,112628959.00900304,0.3678491708793512,2019-04-21,2000
257,GBM_grid_1_AutoML_20190421_195113_model_7,35131414040594980,187433759.07395917,35131414040594980,112135206.12762453,0.3632386565442074,2019-04-21,2000
258,GBM_grid_1_AutoML_20190421_204058_model_34,35212578892997124,187650150.2610566,35212578892997124,115404284.55573112,0.3789948454195251,2019-04-21,2000
259,DeepLearning_grid_1_AutoML_20190421_201138_model_5,35297029561601720,187875037.0900874,35297029561601720,116589547.95299268,0.400792600352761,2019-04-21,2000
260,GBM_grid_1_AutoML_20190421_204058_model_32,35352412033919504,188022371.0996101,35352412033919504,115378661.70946103,0.4100152635053293,2019-04-21,2000
261,GBM_grid_1_AutoML_20190421_195113_model_39,35514704044624012,188453453.25736007,35514704044624012,114363183.06954788,,2019-04-21,2000
262,GBM_grid_1_AutoML_20190421_195113_model_9,35655974353906148,188827896.12212,35655974353906148,112522485.61116032,0.3633523543004816,2019-04-21,2000
263,GBM_grid_1_AutoML_20190421_193027_model_4,35977009196031210,189676063.84578732,35977009196031210,114548846.66121855,0.4050911555463272,2019-04-21,2000
264,GBM_grid_1_AutoML_20190421_201138_model_6,36128824937687736,190075839.9631256,36128824937687736,118807729.89969784,0.4343410793315203,2019-04-21,2000
265,DeepLearning_grid_1_AutoML_20190421_193852_model_1,36156747323155990,190149276.42027983,36156747323155990,124517103.21276984,,2019-04-21,2000
266,GBM_grid_1_AutoML_20190421_201138_model_43,36224601586833016,190327616.45865536,36224601586833016,114472924.61485556,0.37040336951412417,2019-04-21,2000
267,GBM_grid_1_AutoML_20190421_204058_model_7,36294410427403840,190510919.44401464,36294410427403840,117620967.36223663,0.42377592893473576,2019-04-21,2000
268,GBM_grid_1_AutoML_20190421_195113_model_35,36312900808596570,190559441.66741398,36312900808596570,114316353.16344404,0.36944446815038,2019-04-21,2000
269,GBM_grid_1_AutoML_20190421_204058_model_40,36367805641903230,190703449.47562748,36367805641903230,118884760.91927998,0.43524298944487533,2019-04-21,2000
270,GBM_grid_1_AutoML_20190421_201138_model_40,36408802036394200,190810906.49225008,36408802036394200,115530368.3445804,0.4117678000778784,2019-04-21,2000
271,DeepLearning_1_AutoML_20190421_193027,36441408972133860,190896330.4312942,36441408972133860,122463715.79679014,,2019-04-21,2000
272,GBM_grid_1_AutoML_20190421_201138_model_21,36487179745087720,191016176.6581242,36487179745087720,125021147.05466582,,2019-04-21,2000
273,DeepLearning_1_AutoML_20190421_204058,36563366508193760,191215497.562812,36563366508193760,118336327.54672441,0.3962330081491705,2019-04-21,2000
274,XGBoost_grid_1_AutoML_20190421_204058_model_33,36699950370761060,191572311.0753771,36699950370761060,112132627.82172452,0.36214668755005386,2019-04-21,2000
275,GBM_grid_1_AutoML_20190421_193852_model_2,36729046473233680,191648236.2904331,36729046473233680,122603441.18863752,0.4338300802438681,2019-04-21,2000
276,GBM_grid_1_AutoML_20190421_201138_model_14,36835113464916700,191924759.90584612,36835113464916700,115343797.69390912,0.3729637375320993,2019-04-21,2000
277,DeepLearning_1_AutoML_20190421_195113,36836122733230220,191927389.2211068,36836122733230220,119011350.56272537,0.4044344101078554,2019-04-21,2000
278,GBM_grid_1_AutoML_20190421_193852_model_21,36871421503284610,192019325.85884318,36871421503284610,121497390.90462384,0.4162682750212663,2019-04-21,2000
279,DeepLearning_1_AutoML_20190421_193852,36989523405090160,192326606.07698083,36989523405090160,120956465.32542856,,2019-04-21,2000
280,GBM_grid_1_AutoML_20190421_204058_model_27,37063723065952440,192519409.58239105,37063723065952440,124535661.09269165,,2019-04-21,2000
281,GBM_grid_1_AutoML_20190421_201138_model_15,37255643138411470,193017209.43587247,37255643138411470,118699989.95678966,0.4199351741829184,2019-04-21,2000
282,GBM_grid_1_AutoML_20190421_204058_model_10,37341553209283840,193239626.39501205,37341553209283840,119484696.24366914,0.4235770302941114,2019-04-21,2000
283,DeepLearning_grid_1_AutoML_20190421_195113_model_5,37907222391798360,194697771.92304572,37907222391798360,123084477.69046468,,2019-04-21,2000
284,GBM_grid_1_AutoML_20190421_193852_model_1,38210626910409000,195475386.9683061,38210626910409000,126817896.24776244,,2019-04-21,2000
285,GBM_grid_1_AutoML_20190421_201138_model_54,38256625273334770,195593009.2649908,38256625273334770,123864849.56294832,0.4286732287713797,2019-04-21,2000
286,DeepLearning_1_AutoML_20190421_201138,38304323798198240,195714904.38440868,38304323798198240,122184339.61740538,,2019-04-21,2000
287,DeepLearning_grid_1_AutoML_20190421_193852_model_2,38794605601624810,196963462.60569447,38794605601624810,122630084.04224932,,2019-04-21,2000
288,XGBoost_grid_1_AutoML_20190421_204058_model_7,38834601350899656,197064967.33539337,38834601350899656,115358240.60134378,3.7355049334490733,2019-04-21,2000
289,GBM_grid_1_AutoML_20190421_204058_model_24,38909264325407700,197254313.83218896,38909264325407700,118213355.98062764,0.39701073600580417,2019-04-21,2000
290,GBM_grid_1_AutoML_20190421_195113_model_13,39149239432289820,197861667.4151156,39149239432289820,119214741.2304584,0.4060249551803175,2019-04-21,2000
291,DeepLearning_grid_1_AutoML_20190421_193027_model_3,39410689702069660,198521257.55714342,39410689702069660,129178541.22321574,,2019-04-21,2000
292,DeepLearning_grid_1_AutoML_20190421_201138_model_7,39433859258854170,198579604.3375406,39433859258854170,125116208.85424094,0.4117983970386805,2019-04-21,2000
293,GBM_grid_1_AutoML_20190421_201138_model_12,39862085654752820,199654916.4302067,39862085654752820,125389214.02964509,0.43332529653726704,2019-04-21,2000
294,DeepLearning_grid_1_AutoML_20190421_193852_model_7,39970021925900940,199925040.76753604,39970021925900940,123401057.68302982,0.4262770524411264,2019-04-21,2000
295,GBM_grid_1_AutoML_20190421_193027_model_9,40278059846717420,200693945.71515465,40278059846717420,125847625.89919583,0.4784418326882552,2019-04-21,2000
296,GBM_grid_1_AutoML_20190421_201138_model_24,40472370188064350,201177459.44330928,40472370188064350,118988688.84539072,,2019-04-21,2000
297,GBM_grid_1_AutoML_20190421_201138_model_23,40487504375496350,201215069.95127463,40487504375496350,119720641.84808578,,2019-04-21,2000
298,DeepLearning_grid_1_AutoML_20190421_195113_model_7,40537986360277070,201340473.7261663,40537986360277070,126142852.10747634,0.4327699996169527,2019-04-21,2000
299,DeepLearning_grid_1_AutoML_20190421_193852_model_6,41599303744854350,203959073.7007166,41599303744854350,124190468.79245263,0.4173456439978354,2019-04-21,2000
300,DeepLearning_grid_1_AutoML_20190421_201138_model_3,41721737015437370,204258994.94376585,41721737015437370,128656744.1065102,,2019-04-21,2000
301,GBM_grid_1_AutoML_20190421_201138_model_9,41738103755915230,204299054.71126202,41738103755915230,132105683.42084897,0.4726285797331793,2019-04-21,2000
302,DeepLearning_grid_1_AutoML_20190421_193027_model_1,41791420522393280,204429500.12753364,41791420522393280,128681933.6642554,,2019-04-21,2000
303,DeepLearning_grid_1_AutoML_20190421_193852_model_3,42016851221847304,204980123.96778208,42016851221847304,130628492.75062016,,2019-04-21,2000
304,DeepLearning_grid_1_AutoML_20190421_201138_model_6,42113954920514040,205216848.5298272,42113954920514040,128057848.94059454,0.4399565074319319,2019-04-21,2000
305,DeepLearning_grid_1_AutoML_20190421_204058_model_7,42128161212943176,205251458.49163452,42128161212943176,129900053.62407024,0.43411104079568136,2019-04-21,2000
306,DeepLearning_grid_1_AutoML_20190421_195113_model_3,42243278049269736,205531695.9723481,42243278049269736,124138233.18437448,,2019-04-21,2000
307,GBM_grid_1_AutoML_20190421_201138_model_36,42482864381593020,206113717.11167848,42482864381593020,127726139.0687926,0.4354553811957248,2019-04-21,2000
308,GBM_grid_1_AutoML_20190421_201138_model_38,42500559891902170,206156639.2137352,42500559891902170,124561793.93421651,0.4142559512675207,2019-04-21,2000
309,DeepLearning_grid_1_AutoML_20190421_193852_model_8,43292080233585544,208067489.6123504,43292080233585544,145865189.44908455,0.5326782818305471,2019-04-21,2000
310,DeepLearning_grid_1_AutoML_20190421_195113_model_2,43515884388845830,208604612.578068,43515884388845830,130485547.45095553,,2019-04-21,2000
311,GBM_grid_1_AutoML_20190421_201138_model_47,43543006364033690,208669610.54267985,43543006364033690,130651214.21179496,0.4597994543783263,2019-04-21,2000
312,DeepLearning_grid_1_AutoML_20190421_204058_model_6,44129232635938984,210069589.98374555,44129232635938984,124424840.36427784,0.4062422203301736,2019-04-21,2000
313,GBM_grid_1_AutoML_20190421_193027_model_8,44372326136844424,210647397.65030196,44372326136844424,132428227.96973228,,2019-04-21,2000
314,DeepLearning_grid_1_AutoML_20190421_195113_model_6,44454186165951960,210841613.9331891,44454186165951960,130039161.67593104,0.4410039970581262,2019-04-21,2000
315,GBM_grid_1_AutoML_20190421_195113_model_16,44564713051951580,211103560.017238,44564713051951580,136076028.08572224,0.48376966508476205,2019-04-21,2000
316,GBM_grid_1_AutoML_20190421_204058_model_48,44685653418854904,211389813.89569107,44685653418854904,131012540.93055598,0.4468279236371734,2019-04-21,2000
317,GBM_grid_1_AutoML_20190421_195113_model_44,44933630908165496,211975543.18403217,44933630908165496,134012797.8814828,0.5047195823795835,2019-04-21,2000
318,GBM_grid_1_AutoML_20190421_193027_model_1,45002701035729390,212138400.66270268,45002701035729390,133776023.12646416,,2019-04-21,2000
319,DeepLearning_grid_1_AutoML_20190421_204058_model_3,45194565692884856,212590135.4552578,45194565692884856,128771069.83909433,,2019-04-21,2000
320,DeepLearning_grid_1_AutoML_20190421_193027_model_2,45581372041016904,213497943.88006857,45581372041016904,134154762.49592508,,2019-04-21,2000
321,GBM_grid_1_AutoML_20190421_204058_model_28,46392975242769760,215390285.85980788,46392975242769760,132695849.89463133,0.4572527014792002,2019-04-21,2000
322,DeepLearning_grid_1_AutoML_20190421_193852_model_5,50914559926584070,225642549.01632372,50914559926584070,164907023.45550904,0.6331614305948017,2019-04-21,2000
323,GBM_grid_1_AutoML_20190421_193852_model_4,51066859352145780,225979776.42290425,51066859352145780,140325518.75574973,0.4866283211320511,2019-04-21,2000
324,GBM_grid_1_AutoML_20190421_204058_model_1,51879284981195590,227770246.04016125,51879284981195590,141501393.23202574,0.4909512949728385,2019-04-21,2000
325,DeepLearning_grid_1_AutoML_20190421_204058_model_9,52235776346562990,228551474.17280638,52235776346562990,142191896.4187804,,2019-04-21,2000
326,XGBoost_grid_1_AutoML_20190421_204058_model_24,52503700503891310,229136859.7670207,52503700503891310,126183888.66931689,3.7420193395236176,2019-04-21,2000
327,GBM_grid_1_AutoML_20190421_193027_model_11,54498044479214300,233448162.29564607,54498044479214300,151759967.72054467,0.5564149378170294,2019-04-21,2000
328,XGBoost_grid_1_AutoML_20190421_201138_model_17,54993776445438260,234507518.95288613,54993776445438260,129934634.46192607,4.321945230778886,2019-04-21,2000
329,DeepLearning_grid_1_AutoML_20190421_204058_model_8,55375369495866520,235319717.60960984,55375369495866520,175062039.38566294,0.657447378827138,2019-04-21,2000
330,DeepLearning_grid_1_AutoML_20190421_193852_model_4,56598235133300730,237903835.89446545,56598235133300730,184743592.1435324,0.7015554082388032,2019-04-21,2000
331,GBM_grid_1_AutoML_20190421_204058_model_17,56874719667880580,238484212.61769208,56874719667880580,156868062.37023124,0.5824681230411374,2019-04-21,2000
332,GBM_grid_1_AutoML_20190421_201138_model_58,57301053243056670,239376384.05460268,57301053243056670,156721587.89276493,0.5853160871955233,2019-04-21,2000
333,GBM_grid_1_AutoML_20190421_201138_model_46,59436782098114904,243796599.84937212,59436782098114904,160026598.15374509,0.5918788217890818,2019-04-21,2000
334,DeepLearning_grid_1_AutoML_20190421_204058_model_5,59819509858094930,244580272.83101743,59819509858094930,195429933.63275453,0.7188159882099985,2019-04-21,2000
335,GBM_grid_1_AutoML_20190421_204058_model_46,61425719588387900,247842126.33930475,61425719588387900,162926550.50971463,0.6004831785766361,2019-04-21,2000
336,XGBoost_grid_1_AutoML_20190421_204058_model_10,62803865319004630,250606993.75517163,62803865319004630,142590049.60806268,7.446069873139853,2019-04-21,2000
337,GBM_grid_1_AutoML_20190421_195113_model_18,63520073981510830,252031890.80255464,63520073981510830,166207138.36452633,0.609449605550489,2019-04-21,2000
338,GBM_grid_1_AutoML_20190421_193852_model_19,63935931917123350,252855555.44049916,63935931917123350,168959950.86796778,0.6173450872403413,2019-04-21,2000
339,GBM_grid_1_AutoML_20190421_201138_model_8,65419397840942420,255772160.01930785,65419397840942420,171134236.2052266,0.6240439181903289,2019-04-21,2000
340,GBM_grid_1_AutoML_20190421_201138_model_32,67298229534315220,259419023.07717377,67298229534315220,171552610.927136,0.6239060835227599,2019-04-21,2000
341,GBM_grid_1_AutoML_20190421_201138_model_2,67615610822657280,260030019.079831,67615610822657280,171515947.29376572,0.6246803286418225,2019-04-21,2000
342,GBM_grid_1_AutoML_20190421_201138_model_25,67651416039503060,260098858.20492,67651416039503060,173822280.79533356,0.632543646173859,2019-04-21,2000
343,GBM_grid_1_AutoML_20190421_195113_model_34,69013220660981210,262703674.6240547,69013220660981210,177027982.14345983,0.6370990737447081,2019-04-21,2000
344,GBM_grid_1_AutoML_20190421_201138_model_56,70283067606567520,265109538.88264284,70283067606567520,175640208.92763552,0.636538531050881,2019-04-21,2000
345,GBM_grid_1_AutoML_20190421_204058_model_25,72238978534041360,268773098.60557353,72238978534041360,180653920.55092287,0.6490955135059261,2019-04-21,2000
346,GBM_grid_1_AutoML_20190421_204058_model_37,72833926503987100,269877613.93636763,72833926503987100,180451050.6536088,0.6486947818988543,2019-04-21,2000
347,GBM_grid_1_AutoML_20190421_201138_model_52,73085514990186290,270343327.9927328,73085514990186290,179805672.36278445,0.6474374725592633,2019-04-21,2000
348,GBM_grid_1_AutoML_20190421_204058_model_22,73150279916822980,270463084.203414,73150279916822980,179429641.35868457,0.6471837008595029,2019-04-21,2000
349,GBM_grid_1_AutoML_20190421_204058_model_39,73626828426079230,271342640.26518065,73626828426079230,180081613.356725,0.6487688834464636,2019-04-21,2000
350,XGBoost_grid_1_AutoML_20190421_193852_model_11,74222161633852910,272437445.35921067,74222161633852910,172463470.56215006,0.5633129571009337,2019-04-21,2000
351,GBM_grid_1_AutoML_20190421_204058_model_5,76485358685829140,276559864.5606935,76485358685829140,184879794.31547284,0.6642345637110619,2019-04-21,2000
352,GBM_grid_1_AutoML_20190421_193852_model_11,77123348756749170,277710908.6023615,77123348756749170,184624367.33607724,0.6623664895355271,2019-04-21,2000
353,GBM_grid_1_AutoML_20190421_195113_model_46,77561167078085000,278498055.78869843,77561167078085000,185532844.7147281,0.6618316004622614,2019-04-21,2000
354,GBM_grid_1_AutoML_20190421_195113_model_26,83883090161816480,289625776.06597185,83883090161816480,195295904.25017497,0.6929661636448994,2019-04-21,2000
355,GBM_grid_1_AutoML_20190421_193852_model_6,88653282753370580,297747011.3256732,88653282753370580,202772624.7590997,0.7132560396629242,2019-04-21,2000
356,GBM_grid_1_AutoML_20190421_193852_model_22,89531149110952510,299217561.5015812,89531149110952510,203175618.60613924,0.7161258879115645,2019-04-21,2000
357,GBM_grid_1_AutoML_20190421_204058_model_55,92865355833841920,304738175.8720786,92865355833841920,208275840.168088,0.7296887292513752,2019-04-21,2000
358,GBM_grid_1_AutoML_20190421_201138_model_28,94423724059309200,307284435.1074574,94423724059309200,209499192.17845324,0.7338834782819386,2019-04-21,2000
359,GBM_grid_1_AutoML_20190421_201138_model_20,96220337381339970,310194031.8274031,96220337381339970,211871352.9439742,0.7404380819322058,2019-04-21,2000
360,GBM_grid_1_AutoML_20190421_193027_model_13,96323096007939970,310359623.6754065,96323096007939970,212090499.68269652,0.7410239970366638,2019-04-21,2000
361,GBM_grid_1_AutoML_20190421_201138_model_61,96372060707346640,310438497.4634213,96372060707346640,212349262.26247332,0.7416854081923027,2019-04-21,2000
362,GBM_grid_1_AutoML_20190421_195113_model_36,97161202359146080,311706917.4066339,97161202359146080,212999208.65079919,0.7436664500125104,2019-04-21,2000
363,GBM_grid_1_AutoML_20190421_195113_model_6,97351025410758740,312011258.46795774,97351025410758740,213209742.9436611,0.744282897492419,2019-04-21,2000
364,GBM_grid_1_AutoML_20190421_204058_model_56,97362961282838910,312030385.1916331,97362961282838910,213478589.0657598,0.7449131850465511,2019-04-21,2000
365,GBM_grid_1_AutoML_20190421_204058_model_49,97911364590322450,312907917.1103257,97911364590322450,213950560.26665896,0.7463432252866702,2019-04-21,2000
366,GBM_grid_1_AutoML_20190421_195113_model_19,97926312867074900,312931802.26221,97926312867074900,214178460.68842223,0.7469391857255655,2019-04-21,2000
367,GBM_grid_1_AutoML_20190421_195113_model_47,98001653935059120,313052158.4896982,98001653935059120,214078048.89120358,0.7468312900875109,2019-04-21,2000
368,GBM_grid_1_AutoML_20190421_193852_model_23,98153362606130770,313294370.53054553,98153362606130770,214434832.4803429,0.7477622526421979,2019-04-21,2000
369,GBM_grid_1_AutoML_20190421_193852_model_10,98564006382618830,313949050.61589026,98564006382618830,214927384.15579456,0.7492122504749085,2019-04-21,2000
370,GBM_grid_1_AutoML_20190421_204058_model_23,98826025559639170,314366069.35170215,98826025559639170,214922257.47908512,0.7492925896476706,2019-04-21,2000
371,GBM_grid_1_AutoML_20190421_193852_model_24,99090013553473550,314785662.8778915,99090013553473550,215534724.9210885,0.7510748484771043,2019-04-21,2000
372,GBM_grid_1_AutoML_20190421_193027_model_12,100127266915177340,316428928.69517684,100127266915177340,216762645.5591663,0.7546213983576677,2019-04-21,2000
373,StackedEnsemble_AllModels_AutoML_20190421_193027,100485013554010740,316993712.1679399,100485013554010740,217181129.4596548,0.7558803353981852,2019-04-21,2000
374,GLM_grid_1_AutoML_20190421_204058_model_1,100489433637289090,317000683.9697496,100489433637289090,217195869.40621948,0.7559078362971621,2019-04-21,2000
375,GLM_grid_1_AutoML_20190421_193852_model_1,100489433637289090,317000683.9697496,100489433637289090,217195869.40621948,0.7559078362971621,2019-04-21,2000
376,GLM_grid_1_AutoML_20190421_195113_model_1,100489433637289090,317000683.9697496,100489433637289090,217195869.40621948,0.7559078362971621,2019-04-21,2000
377,GLM_grid_1_AutoML_20190421_201138_model_1,100489433637289090,317000683.9697496,100489433637289090,217195869.40621948,0.7559078362971621,2019-04-21,2000
378,GLM_grid_1_AutoML_20190421_193027_model_1,100489433637289090,317000683.9697496,100489433637289090,217195869.40621948,0.7559078362971621,2019-04-21,2000
379,StackedEnsemble_BestOfFamily_AutoML_20190421_193027,100495867856092500,317010832.3955074,100495867856092500,217194228.89434442,0.7559185855965675,2019-04-21,2000
380,XGBoost_grid_1_AutoML_20190421_195113_model_14,101527408021587940,318633658.01746047,101527408021587940,195634069.8287794,10.316159127557091,2019-04-21,2000
381,XGBoost_grid_1_AutoML_20190421_193852_model_6,108309788163344240,329104524.6777143,108309788163344240,203149687.2442329,10.73793448703413,2019-04-21,2000
382,XGBoost_grid_1_AutoML_20190421_201138_model_16,116119420595457600,340762997.6911484,116119420595457600,210931254.75352743,10.942483532264598,2019-04-21,2000
383,XGBoost_grid_1_AutoML_20190421_204058_model_34,117996218285479890,343505776.2039525,117996218285479890,221663032.74848825,0.8115210934164893,2019-04-21,2000
384,XGBoost_grid_1_AutoML_20190421_201138_model_13,118635209116426610,344434622.41247845,118635209116426610,219885564.550056,11.746779593502518,2019-04-21,2000
385,XGBoost_grid_1_AutoML_20190421_193027_model_5,119466802016488350,345639699.71125764,119466802016488350,220842496.36450168,11.752982174396875,2019-04-21,2000
386,XGBoost_grid_1_AutoML_20190421_204058_model_20,126766960316651260,356043480.93547684,126766960316651260,230080582.3524076,12.313872837248061,2019-04-21,2000
387,XGBoost_grid_1_AutoML_20190421_201138_model_12,137593306567436930,370935717.5676629,137593306567436930,243904552.6402016,13.052943429940662,2019-04-21,2000
388,XGBoost_grid_1_AutoML_20190421_204058_model_17,158814485326249340,398515351.4310952,158814485326249340,271084169.2481523,14.224162794112651,2019-04-21,2000
389,XGBoost_grid_1_AutoML_20190421_193852_model_8,187245934279431500,432719232.62021935,187245934279431500,300330495.3838746,15.323768890170252,2019-04-21,2000
390,XGBoost_grid_1_AutoML_20190421_201138_model_6,203351900426905150,450945562.59808695,203351900426905150,326199858.1137738,16.345935625500278,2019-04-21,2000
391,XGBoost_grid_1_AutoML_20190421_193027_model_8,237561328126690430,487402634.5093863,237561328126690430,379123299.08992165,7.548951878529757,2019-04-21,2000
